{
  "type": "FeatureCollection",
  "generated_at": "2026-08-14T19:18:20.980795+00:00",
  "total_alerts": 1,
  "features": [
    {
      "type": "Feature",
      "properties": {
        "identifier": "187262/2026",
        "entry_id": "187262/2026",
        "sender": "CENAD-SEDEC",
        "senderName": "Defesa Civil Estadual do Espírito Santo",
        "sent": "2026-08-14T16:03:36-03:00",
        "status": "Actual",
        "msgType": "Alert",
        "category": "Met",
        "event": "CHUVAS INTENSAS",
        "responseType": "Execute",
        "urgency": "Expected",
        "severity": "Moderate",
        "certainty": "Possible",
        "onset": "2026-08-14T16:03:36-03:00",
        "expires": "2026-08-14T19:00:00-03:00",
        "nivel": "Médio",
        "headline": "Defesa Civil:(ES) ALERTA de CHUVA, RAJADAS DE VENTO e GRANIZO na regiao do CAPARAO nas proximas 03 horas. Fique atento. Emergencia ligue 193.",
        "description": "(ES) ALERTA de CHUVA, RAJADAS DE VENTO e GRANIZO na regiao do CAPARAO nas proximas 03 horas.",
        "instruction": "Fique atento as orientacoes da Defesa Civil. Em casos de emergencia ligue 193.",
        "web": "https://www.gov.br/mdr/pt-br/assuntos/protecao-e-defesa-civil/saiba-como-agir",
        "contact": "+55 61 2034-4660",
        "channel_list": "Google",
        "areaDesc": "ESPÍRITO SANTO/ES",
        "polygon_raw": "-20.502,-41.774 -20.501,-41.774 -20.501,-41.774 -20.501,-41.775 -20.502,-41.775 -20.502,-41.775 -20.502,-41.776 -20.502,-41.776 -20.502,-41.776 -20.502,-41.777 -20.502,-41.777 -20.503,-41.778 -20.503,-41.778 -20.503,-41.778 -20.503,-41.778 -20.504,-41.779 -20.504,-41.779 -20.504,-41.779 -20.503,-41.779 -20.504,-41.779 -20.504,-41.78 -20.503,-41.78 -20.503,-41.78 -20.503,-41.781 -20.503,-41.781 -20.504,-41.782 -20.504,-41.782 -20.504,-41.781 -20.505,-41.781 -20.505,-41.781 -20.506,-41.781 -20.506,-41.781 -20.506,-41.781 -20.507,-41.781 -20.509,-41.781 -20.51,-41.781 -20.51,-41.781 -20.511,-41.781 -20.511,-41.781 -20.511,-41.781 -20.512,-41.781 -20.512,-41.78 -20.512,-41.78 -20.513,-41.78 -20.514,-41.78 -20.515,-41.78 -20.516,-41.78 -20.516,-41.781 -20.517,-41.781 -20.518,-41.781 -20.518,-41.781 -20.519,-41.78 -20.519,-41.78 -20.519,-41.779 -20.519,-41.778 -20.52,-41.777 -20.521,-41.777 -20.521,-41.776 -20.522,-41.776 -20.522,-41.776 -20.522,-41.775 -20.523,-41.774 -20.523,-41.774 -20.523,-41.774 -20.524,-41.774 -20.524,-41.774 -20.525,-41.775 -20.525,-41.775 -20.526,-41.776 -20.527,-41.777 -20.529,-41.777 -20.53,-41.777 -20.531,-41.776 -20.532,-41.776 -20.533,-41.776 -20.533,-41.777 -20.534,-41.777 -20.535,-41.778 -20.535,-41.778 -20.536,-41.779 -20.536,-41.779 -20.537,-41.779 -20.537,-41.779 -20.538,-41.78 -20.538,-41.78 -20.539,-41.78 -20.539,-41.78 -20.54,-41.781 -20.54,-41.781 -20.541,-41.781 -20.542,-41.781 -20.543,-41.78 -20.544,-41.78 -20.545,-41.78 -20.545,-41.779 -20.546,-41.779 -20.547,-41.779 -20.549,-41.78 -20.55,-41.781 -20.551,-41.782 -20.551,-41.782 -20.552,-41.782 -20.553,-41.782 -20.554,-41.783 -20.555,-41.783 -20.555,-41.783 -20.556,-41.783 -20.557,-41.783 -20.558,-41.783 -20.56,-41.784 -20.56,-41.785 -20.56,-41.785 -20.561,-41.786 -20.561,-41.786 -20.562,-41.787 -20.562,-41.787 -20.563,-41.787 -20.564,-41.788 -20.565,-41.788 -20.566,-41.788 -20.566,-41.789 -20.566,-41.789 -20.567,-41.79 -20.568,-41.79 -20.568,-41.79 -20.569,-41.791 -20.569,-41.791 -20.57,-41.792 -20.57,-41.793 -20.57,-41.793 -20.57,-41.793 -20.571,-41.794 -20.572,-41.794 -20.573,-41.794 -20.573,-41.794 -20.574,-41.795 -20.575,-41.795 -20.575,-41.796 -20.575,-41.796 -20.575,-41.797 -20.575,-41.797 -20.575,-41.798 -20.576,-41.798 -20.577,-41.799 -20.578,-41.799 -20.579,-41.799 -20.58,-41.799 -20.58,-41.8 -20.582,-41.8 -20.582,-41.8 -20.583,-41.801 -20.584,-41.801 -20.585,-41.802 -20.585,-41.802 -20.586,-41.802 -20.587,-41.802 -20.588,-41.801 -20.589,-41.801 -20.589,-41.8 -20.59,-41.799 -20.591,-41.798 -20.592,-41.797 -20.593,-41.797 -20.595,-41.796 -20.596,-41.794 -20.596,-41.793 -20.595,-41.792 -20.594,-41.791 -20.594,-41.79 -20.594,-41.789 -20.594,-41.787 -20.595,-41.787 -20.595,-41.786 -20.596,-41.785 -20.597,-41.783 -20.597,-41.782 -20.597,-41.781 -20.599,-41.781 -20.6,-41.781 -20.601,-41.78 -20.602,-41.78 -20.603,-41.779 -20.604,-41.779 -20.605,-41.778 -20.606,-41.778 -20.606,-41.777 -20.606,-41.777 -20.606,-41.777 -20.606,-41.777 -20.606,-41.777 -20.606,-41.776 -20.605,-41.776 -20.605,-41.776 -20.605,-41.776 -20.604,-41.775 -20.604,-41.775 -20.604,-41.775 -20.604,-41.774 -20.604,-41.774 -20.604,-41.773 -20.604,-41.773 -20.604,-41.773 -20.604,-41.772 -20.604,-41.772 -20.604,-41.772 -20.604,-41.772 -20.604,-41.771 -20.604,-41.771 -20.605,-41.77 -20.605,-41.77 -20.606,-41.77 -20.606,-41.77 -20.606,-41.769 -20.607,-41.769 -20.607,-41.769 -20.607,-41.769 -20.608,-41.769 -20.608,-41.769 -20.608,-41.768 -20.608,-41.768 -20.608,-41.768 -20.608,-41.767 -20.608,-41.766 -20.608,-41.766 -20.609,-41.766 -20.609,-41.766 -20.609,-41.766 -20.61,-41.765 -20.61,-41.765 -20.61,-41.765 -20.611,-41.765 -20.611,-41.765 -20.611,-41.765 -20.612,-41.765 -20.612,-41.765 -20.612,-41.765 -20.613,-41.765 -20.613,-41.766 -20.614,-41.766 -20.615,-41.766 -20.615,-41.767 -20.615,-41.767 -20.616,-41.767 -20.616,-41.768 -20.615,-41.768 -20.615,-41.768 -20.615,-41.769 -20.615,-41.769 -20.615,-41.77 -20.615,-41.77 -20.615,-41.771 -20.615,-41.771 -20.615,-41.772 -20.616,-41.772 -20.616,-41.772 -20.616,-41.772 -20.617,-41.772 -20.618,-41.773 -20.618,-41.773 -20.619,-41.773 -20.619,-41.773 -20.619,-41.772 -20.619,-41.771 -20.62,-41.771 -20.62,-41.77 -20.62,-41.769 -20.62,-41.769 -20.621,-41.769 -20.622,-41.769 -20.622,-41.769 -20.623,-41.77 -20.623,-41.77 -20.623,-41.771 -20.624,-41.771 -20.625,-41.77 -20.625,-41.77 -20.626,-41.77 -20.626,-41.769 -20.626,-41.769 -20.627,-41.769 -20.627,-41.769 -20.627,-41.768 -20.627,-41.768 -20.627,-41.768 -20.627,-41.768 -20.627,-41.768 -20.627,-41.767 -20.626,-41.767 -20.626,-41.767 -20.626,-41.767 -20.626,-41.767 -20.626,-41.767 -20.626,-41.766 -20.626,-41.766 -20.627,-41.766 -20.627,-41.765 -20.628,-41.765 -20.628,-41.764 -20.627,-41.764 -20.627,-41.764 -20.627,-41.764 -20.627,-41.764 -20.626,-41.763 -20.626,-41.763 -20.626,-41.763 -20.626,-41.763 -20.626,-41.763 -20.626,-41.762 -20.625,-41.762 -20.625,-41.762 -20.625,-41.762 -20.624,-41.761 -20.624,-41.761 -20.625,-41.761 -20.625,-41.76 -20.625,-41.76 -20.625,-41.76 -20.625,-41.759 -20.625,-41.759 -20.626,-41.759 -20.626,-41.759 -20.626,-41.758 -20.627,-41.758 -20.627,-41.757 -20.627,-41.757 -20.627,-41.757 -20.627,-41.756 -20.627,-41.756 -20.627,-41.756 -20.627,-41.756 -20.627,-41.755 -20.627,-41.755 -20.627,-41.755 -20.627,-41.754 -20.627,-41.754 -20.628,-41.753 -20.628,-41.753 -20.628,-41.753 -20.629,-41.753 -20.629,-41.753 -20.63,-41.753 -20.63,-41.753 -20.63,-41.753 -20.63,-41.753 -20.631,-41.753 -20.631,-41.753 -20.631,-41.753 -20.632,-41.754 -20.632,-41.754 -20.633,-41.754 -20.633,-41.754 -20.634,-41.754 -20.634,-41.754 -20.634,-41.753 -20.635,-41.753 -20.635,-41.752 -20.636,-41.75 -20.637,-41.75 -20.638,-41.75 -20.638,-41.75 -20.638,-41.75 -20.639,-41.75 -20.639,-41.75 -20.639,-41.75 -20.639,-41.749 -20.639,-41.749 -20.639,-41.749 -20.639,-41.749 -20.639,-41.749 -20.638,-41.748 -20.638,-41.748 -20.638,-41.748 -20.638,-41.747 -20.639,-41.747 -20.639,-41.746 -20.639,-41.746 -20.64,-41.745 -20.64,-41.745 -20.64,-41.744 -20.64,-41.744 -20.639,-41.743 -20.639,-41.743 -20.639,-41.743 -20.639,-41.742 -20.639,-41.742 -20.639,-41.742 -20.638,-41.742 -20.638,-41.742 -20.638,-41.741 -20.638,-41.741 -20.638,-41.741 -20.638,-41.741 -20.638,-41.741 -20.638,-41.74 -20.638,-41.739 -20.638,-41.739 -20.638,-41.738 -20.639,-41.738 -20.639,-41.738 -20.639,-41.738 -20.64,-41.738 -20.64,-41.738 -20.64,-41.737 -20.64,-41.737 -20.641,-41.737 -20.641,-41.737 -20.641,-41.737 -20.641,-41.737 -20.642,-41.736 -20.642,-41.736 -20.642,-41.735 -20.641,-41.735 -20.641,-41.735 -20.642,-41.734 -20.642,-41.734 -20.643,-41.734 -20.644,-41.733 -20.644,-41.733 -20.645,-41.733 -20.645,-41.733 -20.646,-41.733 -20.646,-41.732 -20.646,-41.732 -20.646,-41.732 -20.646,-41.731 -20.647,-41.731 -20.647,-41.73 -20.647,-41.73 -20.647,-41.729 -20.648,-41.729 -20.647,-41.728 -20.647,-41.728 -20.647,-41.727 -20.647,-41.726 -20.647,-41.725 -20.647,-41.725 -20.648,-41.724 -20.649,-41.724 -20.649,-41.723 -20.65,-41.723 -20.651,-41.724 -20.651,-41.724 -20.652,-41.724 -20.653,-41.724 -20.653,-41.723 -20.653,-41.722 -20.654,-41.722 -20.653,-41.721 -20.654,-41.721 -20.654,-41.721 -20.654,-41.72 -20.655,-41.72 -20.656,-41.719 -20.656,-41.719 -20.657,-41.719 -20.657,-41.719 -20.658,-41.719 -20.658,-41.719 -20.659,-41.718 -20.659,-41.718 -20.659,-41.718 -20.659,-41.718 -20.659,-41.718 -20.659,-41.717 -20.659,-41.717 -20.659,-41.717 -20.659,-41.717 -20.659,-41.717 -20.658,-41.716 -20.658,-41.716 -20.658,-41.716 -20.658,-41.716 -20.658,-41.715 -20.658,-41.715 -20.658,-41.715 -20.658,-41.715 -20.658,-41.714 -20.659,-41.714 -20.659,-41.714 -20.659,-41.713 -20.66,-41.712 -20.66,-41.712 -20.66,-41.712 -20.66,-41.711 -20.661,-41.711 -20.661,-41.711 -20.662,-41.711 -20.662,-41.71 -20.662,-41.71 -20.662,-41.71 -20.662,-41.709 -20.663,-41.71 -20.663,-41.71 -20.663,-41.71 -20.663,-41.71 -20.664,-41.711 -20.664,-41.711 -20.664,-41.711 -20.665,-41.711 -20.665,-41.711 -20.665,-41.711 -20.665,-41.71 -20.665,-41.71 -20.665,-41.71 -20.666,-41.709 -20.666,-41.709 -20.667,-41.709 -20.667,-41.709 -20.668,-41.708 -20.668,-41.708 -20.668,-41.708 -20.668,-41.708 -20.668,-41.708 -20.669,-41.707 -20.669,-41.708 -20.669,-41.708 -20.67,-41.708 -20.67,-41.708 -20.67,-41.708 -20.67,-41.707 -20.67,-41.707 -20.671,-41.707 -20.671,-41.707 -20.671,-41.707 -20.671,-41.707 -20.671,-41.707 -20.671,-41.707 -20.671,-41.707 -20.671,-41.706 -20.671,-41.704 -20.671,-41.704 -20.669,-41.703 -20.668,-41.701 -20.668,-41.7 -20.667,-41.7 -20.667,-41.7 -20.666,-41.7 -20.666,-41.7 -20.665,-41.699 -20.665,-41.699 -20.665,-41.698 -20.666,-41.697 -20.667,-41.697 -20.667,-41.697 -20.668,-41.696 -20.668,-41.696 -20.668,-41.696 -20.668,-41.695 -20.668,-41.695 -20.668,-41.694 -20.669,-41.693 -20.669,-41.693 -20.669,-41.693 -20.668,-41.692 -20.668,-41.692 -20.667,-41.691 -20.667,-41.69 -20.667,-41.69 -20.667,-41.689 -20.668,-41.687 -20.667,-41.686 -20.667,-41.686 -20.666,-41.686 -20.666,-41.686 -20.665,-41.685 -20.665,-41.685 -20.665,-41.684 -20.665,-41.683 -20.665,-41.683 -20.665,-41.682 -20.665,-41.682 -20.665,-41.681 -20.665,-41.681 -20.666,-41.68 -20.666,-41.68 -20.666,-41.679 -20.666,-41.678 -20.666,-41.678 -20.666,-41.677 -20.666,-41.677 -20.666,-41.676 -20.666,-41.675 -20.666,-41.675 -20.666,-41.674 -20.666,-41.674 -20.667,-41.673 -20.667,-41.672 -20.667,-41.672 -20.667,-41.672 -20.668,-41.671 -20.668,-41.671 -20.667,-41.67 -20.667,-41.67 -20.666,-41.669 -20.665,-41.668 -20.664,-41.666 -20.664,-41.665 -20.663,-41.665 -20.663,-41.664 -20.663,-41.663 -20.663,-41.662 -20.663,-41.661 -20.664,-41.66 -20.664,-41.66 -20.664,-41.659 -20.664,-41.658 -20.664,-41.657 -20.663,-41.657 -20.663,-41.657 -20.663,-41.657 -20.662,-41.656 -20.662,-41.655 -20.662,-41.655 -20.662,-41.654 -20.662,-41.654 -20.662,-41.654 -20.661,-41.654 -20.661,-41.654 -20.661,-41.655 -20.661,-41.655 -20.661,-41.655 -20.661,-41.655 -20.661,-41.655 -20.661,-41.656 -20.66,-41.656 -20.66,-41.656 -20.66,-41.656 -20.66,-41.656 -20.66,-41.657 -20.659,-41.657 -20.659,-41.657 -20.659,-41.657 -20.659,-41.657 -20.659,-41.657 -20.659,-41.656 -20.658,-41.656 -20.658,-41.656 -20.658,-41.656 -20.658,-41.656 -20.658,-41.656 -20.657,-41.656 -20.657,-41.656 -20.657,-41.656 -20.657,-41.656 -20.656,-41.656 -20.656,-41.656 -20.656,-41.655 -20.656,-41.655 -20.655,-41.655 -20.655,-41.655 -20.655,-41.655 -20.655,-41.655 -20.654,-41.655 -20.654,-41.655 -20.654,-41.654 -20.654,-41.654 -20.653,-41.654 -20.653,-41.654 -20.652,-41.654 -20.652,-41.654 -20.652,-41.654 -20.651,-41.654 -20.651,-41.653 -20.651,-41.653 -20.652,-41.653 -20.652,-41.653 -20.652,-41.653 -20.652,-41.652 -20.651,-41.652 -20.651,-41.652 -20.651,-41.652 -20.651,-41.652 -20.651,-41.652 -20.651,-41.653 -20.65,-41.653 -20.65,-41.653 -20.65,-41.653 -20.65,-41.653 -20.65,-41.654 -20.65,-41.654 -20.65,-41.654 -20.649,-41.654 -20.649,-41.654 -20.649,-41.654 -20.649,-41.655 -20.649,-41.655 -20.649,-41.655 -20.649,-41.655 -20.649,-41.655 -20.649,-41.655 -20.649,-41.656 -20.65,-41.656 -20.65,-41.656 -20.65,-41.656 -20.651,-41.656 -20.651,-41.656 -20.651,-41.657 -20.651,-41.657 -20.652,-41.657 -20.652,-41.657 -20.653,-41.657 -20.653,-41.657 -20.653,-41.657 -20.653,-41.658 -20.654,-41.658 -20.654,-41.658 -20.654,-41.658 -20.654,-41.658 -20.654,-41.659 -20.654,-41.659 -20.654,-41.659 -20.654,-41.659 -20.654,-41.659 -20.654,-41.66 -20.654,-41.66 -20.654,-41.66 -20.654,-41.66 -20.654,-41.66 -20.654,-41.661 -20.654,-41.661 -20.654,-41.661 -20.654,-41.661 -20.654,-41.661 -20.654,-41.661 -20.654,-41.661 -20.654,-41.661 -20.654,-41.661 -20.654,-41.661 -20.653,-41.661 -20.653,-41.661 -20.653,-41.661 -20.653,-41.662 -20.653,-41.662 -20.653,-41.662 -20.652,-41.662 -20.652,-41.662 -20.652,-41.662 -20.652,-41.662 -20.652,-41.662 -20.652,-41.662 -20.652,-41.662 -20.652,-41.662 -20.651,-41.663 -20.651,-41.663 -20.651,-41.663 -20.651,-41.663 -20.651,-41.663 -20.651,-41.663 -20.651,-41.663 -20.651,-41.664 -20.651,-41.664 -20.651,-41.664 -20.651,-41.664 -20.651,-41.664 -20.651,-41.664 -20.65,-41.665 -20.65,-41.666 -20.65,-41.666 -20.649,-41.665 -20.649,-41.665 -20.648,-41.666 -20.648,-41.666 -20.648,-41.666 -20.647,-41.665 -20.647,-41.665 -20.646,-41.665 -20.646,-41.665 -20.645,-41.665 -20.644,-41.665 -20.644,-41.664 -20.644,-41.664 -20.643,-41.664 -20.643,-41.664 -20.642,-41.663 -20.641,-41.663 -20.641,-41.663 -20.641,-41.663 -20.641,-41.662 -20.64,-41.662 -20.64,-41.661 -20.64,-41.661 -20.64,-41.66 -20.637,-41.66 -20.637,-41.66 -20.637,-41.66 -20.636,-41.661 -20.635,-41.661 -20.635,-41.661 -20.634,-41.662 -20.634,-41.662 -20.634,-41.662 -20.633,-41.662 -20.633,-41.662 -20.633,-41.662 -20.633,-41.662 -20.632,-41.662 -20.632,-41.662 -20.632,-41.662 -20.631,-41.662 -20.631,-41.663 -20.63,-41.663 -20.63,-41.663 -20.629,-41.663 -20.629,-41.663 -20.629,-41.663 -20.629,-41.663 -20.628,-41.662 -20.628,-41.662 -20.628,-41.661 -20.627,-41.661 -20.626,-41.662 -20.626,-41.662 -20.624,-41.661 -20.624,-41.66 -20.624,-41.66 -20.624,-41.66 -20.623,-41.66 -20.622,-41.659 -20.622,-41.659 -20.622,-41.658 -20.621,-41.659 -20.621,-41.659 -20.62,-41.66 -20.62,-41.66 -20.62,-41.66 -20.619,-41.66 -20.619,-41.66 -20.618,-41.66 -20.618,-41.66 -20.617,-41.66 -20.617,-41.659 -20.616,-41.659 -20.616,-41.659 -20.616,-41.659 -20.615,-41.659 -20.615,-41.659 -20.615,-41.659 -20.615,-41.659 -20.615,-41.66 -20.615,-41.66 -20.614,-41.66 -20.614,-41.66 -20.614,-41.66 -20.613,-41.66 -20.613,-41.66 -20.612,-41.66 -20.612,-41.659 -20.611,-41.659 -20.611,-41.659 -20.611,-41.658 -20.61,-41.658 -20.61,-41.659 -20.61,-41.659 -20.61,-41.659 -20.61,-41.659 -20.61,-41.66 -20.61,-41.66 -20.61,-41.661 -20.609,-41.661 -20.609,-41.662 -20.609,-41.663 -20.609,-41.663 -20.609,-41.663 -20.609,-41.664 -20.609,-41.664 -20.609,-41.664 -20.61,-41.665 -20.61,-41.665 -20.61,-41.666 -20.61,-41.666 -20.61,-41.666 -20.61,-41.667 -20.61,-41.667 -20.61,-41.668 -20.61,-41.668 -20.61,-41.668 -20.609,-41.668 -20.609,-41.668 -20.609,-41.668 -20.609,-41.668 -20.608,-41.668 -20.608,-41.668 -20.607,-41.668 -20.607,-41.668 -20.606,-41.668 -20.606,-41.668 -20.605,-41.668 -20.605,-41.668 -20.605,-41.668 -20.605,-41.668 -20.604,-41.668 -20.604,-41.668 -20.604,-41.668 -20.604,-41.667 -20.603,-41.667 -20.602,-41.667 -20.602,-41.667 -20.601,-41.667 -20.601,-41.667 -20.601,-41.667 -20.6,-41.667 -20.6,-41.668 -20.6,-41.668 -20.6,-41.668 -20.6,-41.668 -20.599,-41.667 -20.599,-41.667 -20.598,-41.667 -20.598,-41.666 -20.598,-41.666 -20.598,-41.666 -20.598,-41.665 -20.597,-41.665 -20.597,-41.665 -20.597,-41.665 -20.597,-41.665 -20.596,-41.665 -20.596,-41.666 -20.595,-41.666 -20.595,-41.667 -20.595,-41.667 -20.594,-41.667 -20.594,-41.667 -20.593,-41.667 -20.592,-41.667 -20.592,-41.667 -20.591,-41.666 -20.59,-41.665 -20.59,-41.665 -20.59,-41.665 -20.59,-41.664 -20.589,-41.664 -20.589,-41.663 -20.589,-41.663 -20.588,-41.663 -20.587,-41.663 -20.587,-41.663 -20.587,-41.663 -20.587,-41.663 -20.586,-41.663 -20.587,-41.663 -20.587,-41.664 -20.587,-41.664 -20.586,-41.664 -20.585,-41.664 -20.585,-41.664 -20.584,-41.664 -20.584,-41.664 -20.583,-41.665 -20.583,-41.665 -20.582,-41.666 -20.581,-41.666 -20.581,-41.666 -20.581,-41.667 -20.58,-41.667 -20.58,-41.667 -20.58,-41.668 -20.58,-41.668 -20.579,-41.668 -20.579,-41.669 -20.578,-41.669 -20.577,-41.669 -20.577,-41.669 -20.577,-41.668 -20.577,-41.668 -20.576,-41.668 -20.576,-41.668 -20.576,-41.668 -20.576,-41.668 -20.575,-41.668 -20.575,-41.668 -20.575,-41.668 -20.574,-41.668 -20.574,-41.668 -20.574,-41.668 -20.574,-41.669 -20.573,-41.669 -20.573,-41.669 -20.572,-41.669 -20.571,-41.669 -20.571,-41.669 -20.571,-41.669 -20.571,-41.669 -20.57,-41.668 -20.57,-41.668 -20.569,-41.668 -20.569,-41.669 -20.569,-41.669 -20.568,-41.669 -20.568,-41.669 -20.567,-41.668 -20.567,-41.668 -20.566,-41.669 -20.566,-41.669 -20.566,-41.669 -20.566,-41.669 -20.566,-41.669 -20.566,-41.669 -20.566,-41.67 -20.566,-41.67 -20.565,-41.67 -20.565,-41.671 -20.565,-41.671 -20.565,-41.672 -20.565,-41.672 -20.564,-41.672 -20.564,-41.672 -20.564,-41.672 -20.563,-41.672 -20.563,-41.672 -20.563,-41.672 -20.562,-41.672 -20.562,-41.672 -20.562,-41.672 -20.562,-41.672 -20.561,-41.672 -20.561,-41.672 -20.561,-41.672 -20.561,-41.672 -20.56,-41.672 -20.56,-41.672 -20.559,-41.672 -20.558,-41.673 -20.558,-41.673 -20.558,-41.674 -20.557,-41.674 -20.556,-41.674 -20.555,-41.674 -20.555,-41.675 -20.554,-41.676 -20.553,-41.676 -20.553,-41.677 -20.553,-41.677 -20.553,-41.678 -20.552,-41.679 -20.552,-41.679 -20.552,-41.68 -20.552,-41.681 -20.552,-41.681 -20.551,-41.682 -20.551,-41.683 -20.551,-41.683 -20.551,-41.683 -20.55,-41.684 -20.55,-41.683 -20.55,-41.683 -20.549,-41.684 -20.549,-41.684 -20.549,-41.684 -20.549,-41.684 -20.548,-41.685 -20.548,-41.686 -20.547,-41.686 -20.547,-41.686 -20.547,-41.687 -20.547,-41.688 -20.546,-41.689 -20.546,-41.689 -20.545,-41.69 -20.544,-41.69 -20.544,-41.69 -20.544,-41.69 -20.544,-41.69 -20.544,-41.69 -20.543,-41.69 -20.542,-41.69 -20.542,-41.69 -20.541,-41.69 -20.54,-41.69 -20.54,-41.69 -20.538,-41.69 -20.538,-41.69 -20.537,-41.69 -20.537,-41.69 -20.536,-41.69 -20.536,-41.691 -20.535,-41.691 -20.534,-41.691 -20.534,-41.69 -20.534,-41.69 -20.533,-41.69 -20.533,-41.691 -20.532,-41.691 -20.532,-41.692 -20.531,-41.692 -20.531,-41.693 -20.53,-41.693 -20.53,-41.694 -20.529,-41.695 -20.529,-41.696 -20.529,-41.697 -20.528,-41.697 -20.528,-41.698 -20.528,-41.698 -20.528,-41.7 -20.528,-41.7 -20.529,-41.701 -20.53,-41.704 -20.53,-41.705 -20.53,-41.705 -20.53,-41.705 -20.529,-41.706 -20.528,-41.707 -20.528,-41.707 -20.527,-41.708 -20.527,-41.708 -20.527,-41.709 -20.527,-41.709 -20.527,-41.71 -20.527,-41.71 -20.527,-41.71 -20.527,-41.711 -20.527,-41.711 -20.527,-41.711 -20.527,-41.712 -20.526,-41.713 -20.526,-41.713 -20.526,-41.713 -20.525,-41.713 -20.525,-41.713 -20.525,-41.713 -20.525,-41.714 -20.525,-41.714 -20.525,-41.714 -20.525,-41.715 -20.524,-41.715 -20.524,-41.715 -20.524,-41.715 -20.523,-41.715 -20.523,-41.715 -20.523,-41.715 -20.523,-41.715 -20.523,-41.714 -20.522,-41.714 -20.522,-41.714 -20.522,-41.714 -20.522,-41.713 -20.522,-41.713 -20.522,-41.713 -20.521,-41.713 -20.521,-41.713 -20.52,-41.714 -20.52,-41.714 -20.52,-41.714 -20.519,-41.714 -20.519,-41.714 -20.519,-41.714 -20.518,-41.714 -20.518,-41.714 -20.518,-41.714 -20.518,-41.713 -20.518,-41.713 -20.518,-41.713 -20.517,-41.714 -20.517,-41.714 -20.517,-41.714 -20.517,-41.715 -20.518,-41.715 -20.518,-41.715 -20.518,-41.716 -20.518,-41.716 -20.517,-41.716 -20.517,-41.716 -20.517,-41.717 -20.517,-41.717 -20.517,-41.717 -20.517,-41.718 -20.517,-41.718 -20.517,-41.719 -20.516,-41.719 -20.516,-41.719 -20.516,-41.72 -20.516,-41.72 -20.516,-41.72 -20.515,-41.721 -20.515,-41.721 -20.515,-41.721 -20.515,-41.721 -20.515,-41.722 -20.514,-41.722 -20.514,-41.722 -20.514,-41.723 -20.514,-41.723 -20.513,-41.723 -20.513,-41.723 -20.513,-41.723 -20.513,-41.724 -20.513,-41.725 -20.513,-41.725 -20.513,-41.726 -20.513,-41.726 -20.514,-41.726 -20.514,-41.727 -20.514,-41.727 -20.515,-41.727 -20.515,-41.728 -20.515,-41.728 -20.515,-41.728 -20.514,-41.729 -20.514,-41.73 -20.514,-41.731 -20.514,-41.731 -20.514,-41.732 -20.514,-41.732 -20.514,-41.733 -20.514,-41.734 -20.514,-41.735 -20.515,-41.736 -20.515,-41.736 -20.516,-41.737 -20.516,-41.737 -20.517,-41.738 -20.517,-41.739 -20.516,-41.739 -20.516,-41.74 -20.515,-41.74 -20.514,-41.741 -20.513,-41.741 -20.513,-41.742 -20.512,-41.742 -20.511,-41.743 -20.511,-41.743 -20.51,-41.744 -20.509,-41.744 -20.508,-41.744 -20.508,-41.744 -20.506,-41.745 -20.505,-41.745 -20.504,-41.745 -20.504,-41.746 -20.503,-41.747 -20.503,-41.748 -20.503,-41.749 -20.503,-41.75 -20.502,-41.75 -20.502,-41.751 -20.502,-41.752 -20.503,-41.752 -20.503,-41.752 -20.503,-41.753 -20.503,-41.753 -20.503,-41.753 -20.503,-41.754 -20.503,-41.754 -20.503,-41.755 -20.504,-41.755 -20.504,-41.755 -20.504,-41.756 -20.504,-41.756 -20.504,-41.757 -20.504,-41.757 -20.504,-41.758 -20.504,-41.758 -20.504,-41.759 -20.504,-41.759 -20.504,-41.76 -20.504,-41.76 -20.503,-41.76 -20.503,-41.761 -20.503,-41.761 -20.503,-41.762 -20.503,-41.762 -20.503,-41.762 -20.503,-41.763 -20.503,-41.763 -20.503,-41.763 -20.503,-41.764 -20.503,-41.764 -20.503,-41.765 -20.503,-41.765 -20.503,-41.765 -20.503,-41.766 -20.503,-41.766 -20.503,-41.766 -20.503,-41.767 -20.503,-41.767 -20.503,-41.767 -20.503,-41.768 -20.503,-41.768 -20.503,-41.769 -20.503,-41.769 -20.503,-41.769 -20.503,-41.77 -20.503,-41.77 -20.503,-41.771 -20.503,-41.771 -20.503,-41.771 -20.503,-41.772 -20.503,-41.772 -20.503,-41.773 -20.502,-41.773 -20.502,-41.774 -20.502,-41.774 -20.502,-41.774\n-20.476,-41.801 -20.478,-41.805 -20.477,-41.808 -20.478,-41.809 -20.479,-41.81 -20.48,-41.812 -20.48,-41.813 -20.481,-41.82 -20.482,-41.823 -20.483,-41.825 -20.483,-41.825 -20.484,-41.825 -20.484,-41.825 -20.485,-41.825 -20.485,-41.825 -20.485,-41.825 -20.485,-41.825 -20.485,-41.825 -20.485,-41.825 -20.485,-41.825 -20.486,-41.824 -20.486,-41.824 -20.487,-41.823 -20.487,-41.823 -20.488,-41.823 -20.489,-41.822 -20.489,-41.822 -20.49,-41.822 -20.49,-41.822 -20.49,-41.823 -20.491,-41.822 -20.491,-41.822 -20.491,-41.822 -20.492,-41.822 -20.492,-41.822 -20.494,-41.821 -20.494,-41.821 -20.496,-41.82 -20.497,-41.819 -20.498,-41.819 -20.498,-41.819 -20.5,-41.818 -20.5,-41.818 -20.5,-41.818 -20.501,-41.818 -20.502,-41.818 -20.502,-41.818 -20.502,-41.818 -20.502,-41.818 -20.503,-41.819 -20.503,-41.819 -20.503,-41.818 -20.503,-41.818 -20.504,-41.818 -20.504,-41.818 -20.504,-41.818 -20.504,-41.818 -20.504,-41.818 -20.504,-41.818 -20.504,-41.818 -20.504,-41.817 -20.504,-41.817 -20.504,-41.817 -20.505,-41.817 -20.505,-41.816 -20.505,-41.816 -20.505,-41.816 -20.506,-41.816 -20.506,-41.816 -20.507,-41.815 -20.507,-41.815 -20.507,-41.815 -20.507,-41.815 -20.508,-41.815 -20.508,-41.815 -20.508,-41.815 -20.508,-41.815 -20.509,-41.815 -20.509,-41.815 -20.509,-41.815 -20.509,-41.815 -20.509,-41.814 -20.51,-41.814 -20.51,-41.814 -20.51,-41.814 -20.51,-41.814 -20.51,-41.814 -20.51,-41.814 -20.511,-41.814 -20.511,-41.814 -20.512,-41.814 -20.512,-41.814 -20.512,-41.813 -20.513,-41.813 -20.513,-41.813 -20.513,-41.813 -20.513,-41.813 -20.514,-41.813 -20.514,-41.813 -20.514,-41.813 -20.514,-41.813 -20.514,-41.812 -20.514,-41.812 -20.515,-41.812 -20.515,-41.812 -20.516,-41.812 -20.516,-41.812 -20.516,-41.812 -20.516,-41.812 -20.516,-41.812 -20.516,-41.812 -20.516,-41.812 -20.516,-41.812 -20.516,-41.811 -20.516,-41.811 -20.516,-41.811 -20.516,-41.811 -20.516,-41.811 -20.519,-41.812 -20.522,-41.81 -20.525,-41.81 -20.525,-41.81 -20.526,-41.809 -20.527,-41.808 -20.529,-41.808 -20.529,-41.808 -20.53,-41.808 -20.53,-41.808 -20.531,-41.808 -20.532,-41.808 -20.533,-41.806 -20.534,-41.806 -20.535,-41.806 -20.538,-41.804 -20.542,-41.804 -20.543,-41.804 -20.544,-41.804 -20.546,-41.806 -20.546,-41.807 -20.549,-41.807 -20.55,-41.808 -20.55,-41.809 -20.55,-41.809 -20.55,-41.809 -20.55,-41.81 -20.55,-41.81 -20.55,-41.81 -20.55,-41.811 -20.549,-41.811 -20.549,-41.811 -20.549,-41.811 -20.549,-41.811 -20.549,-41.811 -20.549,-41.811 -20.549,-41.811 -20.549,-41.811 -20.549,-41.811 -20.549,-41.811 -20.549,-41.811 -20.549,-41.811 -20.549,-41.811 -20.549,-41.811 -20.549,-41.811 -20.549,-41.811 -20.549,-41.811 -20.549,-41.812 -20.549,-41.812 -20.549,-41.812 -20.549,-41.812 -20.549,-41.812 -20.549,-41.812 -20.549,-41.812 -20.549,-41.812 -20.549,-41.812 -20.55,-41.812 -20.55,-41.812 -20.55,-41.812 -20.55,-41.813 -20.55,-41.813 -20.55,-41.813 -20.55,-41.813 -20.55,-41.813 -20.55,-41.813 -20.55,-41.814 -20.55,-41.814 -20.551,-41.814 -20.551,-41.814 -20.551,-41.814 -20.551,-41.814 -20.551,-41.814 -20.551,-41.814 -20.551,-41.814 -20.551,-41.814 -20.551,-41.814 -20.551,-41.814 -20.551,-41.815 -20.551,-41.815 -20.551,-41.815 -20.551,-41.815 -20.551,-41.815 -20.551,-41.815 -20.551,-41.816 -20.552,-41.816 -20.552,-41.816 -20.552,-41.817 -20.552,-41.817 -20.552,-41.817 -20.552,-41.817 -20.552,-41.817 -20.553,-41.817 -20.553,-41.818 -20.553,-41.818 -20.553,-41.818 -20.553,-41.818 -20.552,-41.818 -20.552,-41.818 -20.552,-41.819 -20.551,-41.819 -20.551,-41.819 -20.551,-41.819 -20.551,-41.819 -20.551,-41.819 -20.552,-41.819 -20.552,-41.819 -20.552,-41.819 -20.552,-41.819 -20.553,-41.819 -20.553,-41.819 -20.553,-41.819 -20.553,-41.819 -20.554,-41.819 -20.554,-41.819 -20.554,-41.819 -20.554,-41.819 -20.554,-41.819 -20.554,-41.819 -20.554,-41.82 -20.553,-41.82 -20.553,-41.82 -20.553,-41.82 -20.553,-41.82 -20.553,-41.82 -20.553,-41.82 -20.553,-41.821 -20.553,-41.823 -20.555,-41.826 -20.556,-41.827 -20.557,-41.828 -20.558,-41.828 -20.56,-41.829 -20.561,-41.829 -20.562,-41.829 -20.566,-41.83 -20.566,-41.831 -20.567,-41.833 -20.568,-41.833 -20.568,-41.834 -20.568,-41.834 -20.569,-41.834 -20.57,-41.835 -20.57,-41.835 -20.574,-41.836 -20.574,-41.836 -20.575,-41.836 -20.577,-41.836 -20.578,-41.837 -20.58,-41.837 -20.581,-41.837 -20.581,-41.838 -20.583,-41.839 -20.583,-41.839 -20.586,-41.84 -20.587,-41.84 -20.589,-41.839 -20.593,-41.84 -20.594,-41.84 -20.597,-41.84 -20.6,-41.841 -20.6,-41.841 -20.601,-41.843 -20.604,-41.844 -20.605,-41.844 -20.606,-41.845 -20.606,-41.846 -20.607,-41.85 -20.607,-41.853 -20.609,-41.854 -20.612,-41.854 -20.614,-41.856 -20.615,-41.856 -20.617,-41.856 -20.617,-41.856 -20.618,-41.855 -20.618,-41.855 -20.618,-41.854 -20.619,-41.854 -20.619,-41.854 -20.62,-41.852 -20.621,-41.85 -20.622,-41.848 -20.623,-41.845 -20.623,-41.842 -20.624,-41.839 -20.625,-41.831 -20.624,-41.829 -20.624,-41.829 -20.624,-41.825 -20.624,-41.823 -20.622,-41.82 -20.623,-41.819 -20.624,-41.817 -20.625,-41.817 -20.626,-41.819 -20.627,-41.82 -20.631,-41.819 -20.633,-41.819 -20.634,-41.819 -20.636,-41.821 -20.637,-41.821 -20.64,-41.814 -20.64,-41.814 -20.639,-41.813 -20.638,-41.811 -20.637,-41.811 -20.638,-41.811 -20.639,-41.811 -20.64,-41.81 -20.64,-41.809 -20.641,-41.808 -20.643,-41.807 -20.644,-41.808 -20.644,-41.808 -20.644,-41.81 -20.643,-41.811 -20.644,-41.814 -20.645,-41.814 -20.646,-41.815 -20.647,-41.816 -20.649,-41.815 -20.65,-41.815 -20.651,-41.814 -20.651,-41.813 -20.653,-41.813 -20.654,-41.815 -20.655,-41.817 -20.657,-41.818 -20.657,-41.819 -20.657,-41.82 -20.656,-41.821 -20.656,-41.822 -20.655,-41.825 -20.656,-41.827 -20.657,-41.828 -20.657,-41.827 -20.658,-41.828 -20.659,-41.827 -20.659,-41.825 -20.659,-41.825 -20.659,-41.824 -20.66,-41.823 -20.661,-41.823 -20.661,-41.824 -20.663,-41.824 -20.663,-41.824 -20.664,-41.825 -20.665,-41.826 -20.667,-41.827 -20.667,-41.828 -20.667,-41.829 -20.668,-41.831 -20.67,-41.831 -20.67,-41.831 -20.67,-41.833 -20.67,-41.833 -20.672,-41.833 -20.672,-41.834 -20.672,-41.834 -20.673,-41.834 -20.673,-41.834 -20.674,-41.835 -20.674,-41.835 -20.676,-41.836 -20.676,-41.836 -20.677,-41.836 -20.677,-41.837 -20.677,-41.837 -20.678,-41.837 -20.679,-41.838 -20.68,-41.838 -20.681,-41.838 -20.681,-41.838 -20.682,-41.839 -20.683,-41.839 -20.683,-41.839 -20.683,-41.839 -20.683,-41.84 -20.683,-41.84 -20.683,-41.841 -20.683,-41.842 -20.684,-41.843 -20.685,-41.843 -20.685,-41.843 -20.685,-41.843 -20.685,-41.843 -20.685,-41.843 -20.685,-41.844 -20.685,-41.844 -20.685,-41.844 -20.685,-41.844 -20.685,-41.844 -20.685,-41.845 -20.685,-41.845 -20.685,-41.845 -20.685,-41.845 -20.686,-41.845 -20.686,-41.846 -20.686,-41.846 -20.686,-41.846 -20.686,-41.846 -20.686,-41.846 -20.686,-41.846 -20.686,-41.846 -20.686,-41.847 -20.686,-41.847 -20.686,-41.847 -20.686,-41.847 -20.686,-41.847 -20.686,-41.848 -20.686,-41.848 -20.686,-41.848 -20.686,-41.848 -20.687,-41.848 -20.687,-41.848 -20.687,-41.848 -20.687,-41.848 -20.688,-41.849 -20.688,-41.849 -20.688,-41.849 -20.688,-41.849 -20.689,-41.849 -20.689,-41.849 -20.689,-41.849 -20.689,-41.849 -20.689,-41.849 -20.689,-41.849 -20.689,-41.849 -20.69,-41.85 -20.69,-41.85 -20.69,-41.85 -20.691,-41.85 -20.691,-41.85 -20.691,-41.85 -20.691,-41.85 -20.691,-41.85 -20.692,-41.85 -20.692,-41.85 -20.692,-41.85 -20.692,-41.85 -20.693,-41.85 -20.693,-41.85 -20.693,-41.85 -20.693,-41.85 -20.694,-41.85 -20.694,-41.85 -20.694,-41.85 -20.694,-41.85 -20.695,-41.85 -20.695,-41.85 -20.695,-41.85 -20.695,-41.851 -20.696,-41.851 -20.696,-41.851 -20.696,-41.851 -20.697,-41.851 -20.698,-41.852 -20.699,-41.853 -20.699,-41.853 -20.699,-41.853 -20.702,-41.853 -20.704,-41.854 -20.705,-41.854 -20.705,-41.855 -20.705,-41.855 -20.706,-41.855 -20.706,-41.856 -20.707,-41.857 -20.707,-41.859 -20.706,-41.861 -20.71,-41.863 -20.711,-41.862 -20.712,-41.862 -20.712,-41.861 -20.712,-41.858 -20.713,-41.857 -20.714,-41.856 -20.714,-41.856 -20.714,-41.858 -20.714,-41.858 -20.718,-41.858 -20.72,-41.86 -20.722,-41.861 -20.722,-41.865 -20.724,-41.864 -20.725,-41.864 -20.729,-41.862 -20.729,-41.86 -20.729,-41.86 -20.73,-41.861 -20.73,-41.861 -20.731,-41.86 -20.732,-41.86 -20.732,-41.861 -20.732,-41.86 -20.732,-41.861 -20.733,-41.861 -20.734,-41.86 -20.735,-41.86 -20.735,-41.86 -20.736,-41.86 -20.737,-41.86 -20.737,-41.86 -20.738,-41.859 -20.739,-41.86 -20.739,-41.859 -20.739,-41.857 -20.74,-41.857 -20.74,-41.858 -20.742,-41.858 -20.742,-41.859 -20.743,-41.858 -20.743,-41.857 -20.743,-41.857 -20.744,-41.856 -20.745,-41.856 -20.746,-41.857 -20.747,-41.856 -20.748,-41.858 -20.748,-41.859 -20.747,-41.859 -20.746,-41.859 -20.744,-41.86 -20.743,-41.861 -20.744,-41.861 -20.743,-41.862 -20.742,-41.862 -20.741,-41.863 -20.743,-41.866 -20.743,-41.867 -20.743,-41.867 -20.743,-41.87 -20.742,-41.87 -20.742,-41.871 -20.742,-41.872 -20.744,-41.874 -20.744,-41.874 -20.744,-41.874 -20.744,-41.873 -20.745,-41.873 -20.746,-41.873 -20.746,-41.875 -20.747,-41.876 -20.747,-41.876 -20.75,-41.877 -20.751,-41.877 -20.753,-41.878 -20.754,-41.877 -20.756,-41.879 -20.758,-41.879 -20.758,-41.879 -20.759,-41.879 -20.762,-41.879 -20.764,-41.877 -20.764,-41.876 -20.764,-41.876 -20.764,-41.875 -20.765,-41.874 -20.765,-41.874 -20.765,-41.874 -20.765,-41.874 -20.765,-41.874 -20.765,-41.874 -20.766,-41.873 -20.766,-41.873 -20.766,-41.873 -20.766,-41.872 -20.766,-41.872 -20.766,-41.872 -20.766,-41.872 -20.766,-41.871 -20.766,-41.871 -20.766,-41.871 -20.766,-41.87 -20.766,-41.87 -20.765,-41.87 -20.765,-41.87 -20.765,-41.87 -20.765,-41.87 -20.765,-41.869 -20.765,-41.869 -20.764,-41.869 -20.764,-41.868 -20.764,-41.868 -20.764,-41.868 -20.764,-41.868 -20.763,-41.868 -20.763,-41.868 -20.763,-41.867 -20.764,-41.867 -20.764,-41.867 -20.764,-41.867 -20.764,-41.866 -20.764,-41.866 -20.764,-41.866 -20.764,-41.866 -20.764,-41.865 -20.765,-41.865 -20.765,-41.865 -20.765,-41.864 -20.765,-41.864 -20.765,-41.864 -20.765,-41.864 -20.765,-41.863 -20.765,-41.863 -20.764,-41.863 -20.764,-41.862 -20.764,-41.861 -20.763,-41.861 -20.763,-41.861 -20.763,-41.86 -20.763,-41.86 -20.763,-41.86 -20.763,-41.86 -20.763,-41.86 -20.764,-41.86 -20.764,-41.859 -20.765,-41.859 -20.765,-41.859 -20.765,-41.859 -20.766,-41.858 -20.766,-41.858 -20.766,-41.858 -20.766,-41.858 -20.766,-41.857 -20.766,-41.857 -20.766,-41.857 -20.766,-41.857 -20.766,-41.857 -20.766,-41.857 -20.765,-41.857 -20.765,-41.857 -20.765,-41.857 -20.765,-41.857 -20.764,-41.857 -20.764,-41.857 -20.764,-41.857 -20.764,-41.857 -20.763,-41.857 -20.763,-41.856 -20.763,-41.856 -20.763,-41.856 -20.763,-41.856 -20.763,-41.856 -20.763,-41.855 -20.763,-41.855 -20.763,-41.855 -20.763,-41.854 -20.763,-41.854 -20.763,-41.852 -20.763,-41.852 -20.763,-41.852 -20.763,-41.852 -20.763,-41.852 -20.763,-41.851 -20.764,-41.851 -20.764,-41.851 -20.765,-41.851 -20.765,-41.851 -20.765,-41.851 -20.766,-41.851 -20.766,-41.851 -20.766,-41.851 -20.767,-41.85 -20.767,-41.85 -20.768,-41.85 -20.768,-41.85 -20.768,-41.85 -20.769,-41.85 -20.769,-41.85 -20.77,-41.85 -20.77,-41.85 -20.771,-41.849 -20.771,-41.849 -20.771,-41.849 -20.771,-41.849 -20.772,-41.849 -20.772,-41.849 -20.772,-41.848 -20.772,-41.848 -20.772,-41.848 -20.772,-41.848 -20.773,-41.847 -20.773,-41.847 -20.773,-41.847 -20.773,-41.847 -20.773,-41.847 -20.773,-41.848 -20.774,-41.848 -20.774,-41.848 -20.774,-41.848 -20.774,-41.848 -20.774,-41.847 -20.774,-41.847 -20.774,-41.847 -20.774,-41.846 -20.775,-41.846 -20.775,-41.846 -20.775,-41.846 -20.774,-41.845 -20.774,-41.845 -20.774,-41.845 -20.774,-41.845 -20.774,-41.845 -20.775,-41.845 -20.775,-41.845 -20.775,-41.845 -20.775,-41.845 -20.775,-41.845 -20.776,-41.845 -20.776,-41.845 -20.776,-41.845 -20.776,-41.845 -20.776,-41.845 -20.776,-41.844 -20.776,-41.844 -20.777,-41.844 -20.777,-41.844 -20.776,-41.844 -20.776,-41.843 -20.775,-41.843 -20.775,-41.842 -20.774,-41.842 -20.774,-41.842 -20.773,-41.842 -20.773,-41.842 -20.773,-41.842 -20.772,-41.842 -20.772,-41.842 -20.772,-41.842 -20.772,-41.842 -20.771,-41.843 -20.771,-41.843 -20.77,-41.843 -20.77,-41.843 -20.77,-41.843 -20.769,-41.843 -20.769,-41.843 -20.768,-41.844 -20.767,-41.844 -20.766,-41.844 -20.765,-41.845 -20.765,-41.845 -20.764,-41.845 -20.763,-41.845 -20.762,-41.846 -20.761,-41.846 -20.761,-41.846 -20.76,-41.847 -20.76,-41.847 -20.759,-41.847 -20.759,-41.847 -20.758,-41.847 -20.758,-41.848 -20.757,-41.848 -20.757,-41.848 -20.757,-41.848 -20.756,-41.848 -20.756,-41.848 -20.756,-41.848 -20.755,-41.848 -20.755,-41.848 -20.755,-41.848 -20.754,-41.848 -20.754,-41.847 -20.754,-41.847 -20.753,-41.847 -20.753,-41.848 -20.753,-41.848 -20.753,-41.848 -20.752,-41.848 -20.751,-41.849 -20.751,-41.849 -20.751,-41.849 -20.75,-41.849 -20.75,-41.849 -20.749,-41.849 -20.749,-41.849 -20.748,-41.849 -20.748,-41.849 -20.748,-41.849 -20.747,-41.849 -20.746,-41.849 -20.746,-41.849 -20.745,-41.849 -20.745,-41.848 -20.744,-41.848 -20.744,-41.848 -20.744,-41.848 -20.743,-41.848 -20.743,-41.848 -20.742,-41.848 -20.742,-41.848 -20.741,-41.848 -20.741,-41.848 -20.741,-41.848 -20.74,-41.848 -20.74,-41.848 -20.739,-41.849 -20.739,-41.849 -20.738,-41.849 -20.738,-41.849 -20.737,-41.849 -20.737,-41.848 -20.736,-41.848 -20.736,-41.848 -20.736,-41.847 -20.735,-41.847 -20.735,-41.847 -20.735,-41.847 -20.735,-41.846 -20.735,-41.846 -20.735,-41.845 -20.735,-41.844 -20.735,-41.844 -20.736,-41.844 -20.736,-41.843 -20.736,-41.843 -20.737,-41.842 -20.738,-41.842 -20.738,-41.841 -20.739,-41.841 -20.739,-41.84 -20.739,-41.84 -20.739,-41.839 -20.739,-41.839 -20.74,-41.837 -20.74,-41.837 -20.74,-41.837 -20.741,-41.837 -20.741,-41.836 -20.742,-41.836 -20.742,-41.836 -20.742,-41.836 -20.742,-41.836 -20.743,-41.836 -20.743,-41.836 -20.744,-41.836 -20.744,-41.836 -20.744,-41.836 -20.744,-41.836 -20.745,-41.836 -20.745,-41.835 -20.745,-41.835 -20.745,-41.834 -20.746,-41.833 -20.746,-41.833 -20.746,-41.833 -20.746,-41.832 -20.745,-41.832 -20.745,-41.831 -20.744,-41.83 -20.744,-41.83 -20.744,-41.83 -20.744,-41.829 -20.743,-41.829 -20.743,-41.828 -20.743,-41.827 -20.743,-41.827 -20.743,-41.827 -20.743,-41.827 -20.743,-41.827 -20.743,-41.826 -20.743,-41.826 -20.743,-41.826 -20.742,-41.826 -20.742,-41.825 -20.742,-41.825 -20.741,-41.825 -20.741,-41.825 -20.74,-41.824 -20.74,-41.824 -20.739,-41.824 -20.738,-41.824 -20.738,-41.823 -20.738,-41.823 -20.737,-41.822 -20.737,-41.821 -20.737,-41.82 -20.736,-41.82 -20.735,-41.819 -20.735,-41.818 -20.735,-41.818 -20.734,-41.817 -20.734,-41.817 -20.734,-41.816 -20.733,-41.816 -20.733,-41.816 -20.733,-41.816 -20.733,-41.816 -20.733,-41.815 -20.733,-41.815 -20.733,-41.815 -20.733,-41.815 -20.733,-41.814 -20.733,-41.814 -20.733,-41.814 -20.734,-41.813 -20.734,-41.813 -20.735,-41.813 -20.736,-41.812 -20.737,-41.812 -20.738,-41.812 -20.738,-41.811 -20.739,-41.811 -20.739,-41.811 -20.74,-41.811 -20.74,-41.81 -20.74,-41.809 -20.74,-41.808 -20.74,-41.808 -20.74,-41.806 -20.74,-41.806 -20.741,-41.805 -20.741,-41.805 -20.741,-41.804 -20.742,-41.804 -20.742,-41.803 -20.742,-41.803 -20.741,-41.802 -20.741,-41.802 -20.741,-41.802 -20.741,-41.801 -20.74,-41.801 -20.74,-41.801 -20.739,-41.801 -20.738,-41.801 -20.738,-41.8 -20.737,-41.8 -20.737,-41.8 -20.737,-41.799 -20.736,-41.799 -20.736,-41.798 -20.735,-41.798 -20.735,-41.798 -20.734,-41.798 -20.734,-41.797 -20.733,-41.797 -20.732,-41.796 -20.731,-41.795 -20.731,-41.795 -20.73,-41.795 -20.729,-41.796 -20.728,-41.796 -20.727,-41.795 -20.725,-41.795 -20.725,-41.795 -20.724,-41.795 -20.723,-41.795 -20.722,-41.794 -20.722,-41.794 -20.722,-41.794 -20.722,-41.794 -20.722,-41.793 -20.722,-41.792 -20.722,-41.792 -20.722,-41.792 -20.722,-41.791 -20.722,-41.791 -20.722,-41.791 -20.722,-41.79 -20.722,-41.79 -20.722,-41.789 -20.722,-41.788 -20.722,-41.788 -20.722,-41.788 -20.721,-41.787 -20.721,-41.787 -20.721,-41.787 -20.721,-41.786 -20.72,-41.786 -20.72,-41.785 -20.72,-41.785 -20.719,-41.785 -20.719,-41.784 -20.719,-41.784 -20.718,-41.784 -20.718,-41.783 -20.717,-41.783 -20.717,-41.783 -20.717,-41.783 -20.717,-41.782 -20.717,-41.781 -20.717,-41.781 -20.717,-41.781 -20.717,-41.78 -20.717,-41.78 -20.716,-41.779 -20.716,-41.779 -20.716,-41.779 -20.716,-41.779 -20.715,-41.779 -20.715,-41.779 -20.714,-41.779 -20.713,-41.779 -20.713,-41.779 -20.712,-41.779 -20.712,-41.78 -20.712,-41.78 -20.711,-41.78 -20.711,-41.78 -20.711,-41.78 -20.71,-41.78 -20.71,-41.78 -20.709,-41.779 -20.709,-41.779 -20.709,-41.779 -20.708,-41.779 -20.708,-41.779 -20.708,-41.779 -20.707,-41.779 -20.707,-41.779 -20.707,-41.779 -20.706,-41.779 -20.706,-41.779 -20.705,-41.779 -20.705,-41.78 -20.705,-41.78 -20.704,-41.781 -20.704,-41.782 -20.704,-41.783 -20.704,-41.784 -20.704,-41.784 -20.704,-41.785 -20.704,-41.785 -20.704,-41.785 -20.703,-41.786 -20.703,-41.786 -20.702,-41.786 -20.701,-41.786 -20.7,-41.786 -20.699,-41.785 -20.698,-41.785 -20.697,-41.784 -20.697,-41.784 -20.696,-41.784 -20.696,-41.784 -20.695,-41.785 -20.695,-41.785 -20.694,-41.785 -20.694,-41.785 -20.693,-41.785 -20.693,-41.785 -20.692,-41.785 -20.691,-41.786 -20.691,-41.786 -20.69,-41.786 -20.689,-41.786 -20.689,-41.787 -20.689,-41.787 -20.688,-41.788 -20.688,-41.788 -20.688,-41.789 -20.688,-41.789 -20.688,-41.79 -20.687,-41.79 -20.687,-41.791 -20.687,-41.791 -20.686,-41.791 -20.685,-41.791 -20.685,-41.791 -20.685,-41.791 -20.684,-41.791 -20.684,-41.791 -20.684,-41.791 -20.683,-41.791 -20.683,-41.791 -20.682,-41.791 -20.681,-41.791 -20.681,-41.792 -20.68,-41.792 -20.68,-41.792 -20.68,-41.793 -20.68,-41.793 -20.679,-41.793 -20.679,-41.793 -20.679,-41.792 -20.679,-41.792 -20.679,-41.792 -20.679,-41.792 -20.678,-41.792 -20.678,-41.791 -20.678,-41.791 -20.678,-41.79 -20.677,-41.79 -20.677,-41.79 -20.677,-41.79 -20.677,-41.79 -20.677,-41.789 -20.677,-41.789 -20.677,-41.789 -20.676,-41.789 -20.676,-41.788 -20.676,-41.788 -20.676,-41.788 -20.675,-41.788 -20.675,-41.788 -20.675,-41.787 -20.675,-41.787 -20.675,-41.786 -20.675,-41.786 -20.674,-41.785 -20.674,-41.785 -20.674,-41.785 -20.674,-41.785 -20.674,-41.785 -20.673,-41.785 -20.673,-41.785 -20.673,-41.785 -20.672,-41.786 -20.672,-41.786 -20.671,-41.786 -20.671,-41.786 -20.671,-41.785 -20.671,-41.785 -20.671,-41.784 -20.671,-41.784 -20.67,-41.784 -20.67,-41.783 -20.669,-41.783 -20.669,-41.783 -20.668,-41.782 -20.668,-41.782 -20.667,-41.781 -20.667,-41.781 -20.667,-41.781 -20.666,-41.78 -20.666,-41.78 -20.666,-41.78 -20.665,-41.779 -20.665,-41.779 -20.664,-41.778 -20.664,-41.777 -20.663,-41.777 -20.663,-41.777 -20.663,-41.777 -20.662,-41.777 -20.662,-41.776 -20.661,-41.776 -20.661,-41.775 -20.661,-41.775 -20.661,-41.775 -20.661,-41.774 -20.661,-41.774 -20.661,-41.773 -20.66,-41.772 -20.66,-41.772 -20.659,-41.772 -20.659,-41.771 -20.658,-41.771 -20.658,-41.771 -20.658,-41.771 -20.657,-41.771 -20.657,-41.771 -20.657,-41.771 -20.657,-41.771 -20.657,-41.771 -20.657,-41.771 -20.657,-41.772 -20.657,-41.772 -20.656,-41.772 -20.656,-41.772 -20.656,-41.772 -20.656,-41.772 -20.655,-41.773 -20.655,-41.773 -20.655,-41.774 -20.654,-41.774 -20.654,-41.774 -20.654,-41.775 -20.654,-41.775 -20.654,-41.776 -20.653,-41.776 -20.654,-41.777 -20.654,-41.777 -20.654,-41.778 -20.653,-41.778 -20.653,-41.778 -20.653,-41.779 -20.653,-41.779 -20.652,-41.779 -20.652,-41.779 -20.651,-41.778 -20.651,-41.778 -20.651,-41.778 -20.65,-41.778 -20.649,-41.778 -20.649,-41.777 -20.648,-41.777 -20.648,-41.777 -20.647,-41.777 -20.647,-41.777 -20.647,-41.776 -20.647,-41.776 -20.647,-41.775 -20.647,-41.775 -20.647,-41.775 -20.647,-41.774 -20.647,-41.774 -20.647,-41.774 -20.647,-41.773 -20.646,-41.773 -20.646,-41.772 -20.646,-41.772 -20.646,-41.772 -20.645,-41.772 -20.645,-41.772 -20.645,-41.772 -20.645,-41.771 -20.645,-41.771 -20.645,-41.771 -20.646,-41.771 -20.646,-41.77 -20.646,-41.77 -20.647,-41.77 -20.647,-41.77 -20.648,-41.77 -20.648,-41.769 -20.647,-41.768 -20.647,-41.768 -20.647,-41.768 -20.648,-41.768 -20.648,-41.767 -20.648,-41.767 -20.648,-41.766 -20.648,-41.766 -20.648,-41.765 -20.648,-41.765 -20.647,-41.765 -20.647,-41.765 -20.646,-41.765 -20.646,-41.765 -20.646,-41.765 -20.645,-41.764 -20.645,-41.764 -20.645,-41.764 -20.645,-41.764 -20.645,-41.764 -20.644,-41.764 -20.644,-41.764 -20.644,-41.763 -20.643,-41.763 -20.643,-41.763 -20.643,-41.763 -20.642,-41.763 -20.642,-41.763 -20.643,-41.762 -20.642,-41.762 -20.642,-41.761 -20.642,-41.761 -20.641,-41.76 -20.641,-41.76 -20.641,-41.76 -20.641,-41.759 -20.641,-41.759 -20.641,-41.758 -20.641,-41.758 -20.641,-41.757 -20.641,-41.757 -20.641,-41.757 -20.641,-41.756 -20.64,-41.756 -20.64,-41.756 -20.64,-41.756 -20.639,-41.756 -20.639,-41.756 -20.639,-41.755 -20.639,-41.754 -20.639,-41.754 -20.639,-41.753 -20.638,-41.753 -20.638,-41.753 -20.638,-41.753 -20.638,-41.753 -20.638,-41.752 -20.638,-41.752 -20.638,-41.752 -20.638,-41.751 -20.638,-41.751 -20.638,-41.751 -20.638,-41.751 -20.638,-41.75 -20.638,-41.75 -20.638,-41.75 -20.637,-41.75 -20.636,-41.75 -20.635,-41.752 -20.635,-41.753 -20.634,-41.753 -20.634,-41.754 -20.634,-41.754 -20.633,-41.754 -20.633,-41.754 -20.632,-41.754 -20.632,-41.754 -20.631,-41.753 -20.631,-41.753 -20.631,-41.753 -20.63,-41.753 -20.63,-41.753 -20.63,-41.753 -20.63,-41.753 -20.629,-41.753 -20.629,-41.753 -20.628,-41.753 -20.628,-41.753 -20.628,-41.753 -20.627,-41.754 -20.627,-41.754 -20.627,-41.755 -20.627,-41.755 -20.627,-41.755 -20.627,-41.756 -20.627,-41.756 -20.627,-41.756 -20.627,-41.756 -20.627,-41.757 -20.627,-41.757 -20.627,-41.757 -20.627,-41.758 -20.626,-41.758 -20.626,-41.759 -20.626,-41.759 -20.625,-41.759 -20.625,-41.759 -20.625,-41.76 -20.625,-41.76 -20.625,-41.76 -20.625,-41.761 -20.624,-41.761 -20.624,-41.761 -20.625,-41.762 -20.625,-41.762 -20.625,-41.762 -20.626,-41.762 -20.626,-41.763 -20.626,-41.763 -20.626,-41.763 -20.626,-41.763 -20.626,-41.763 -20.627,-41.764 -20.627,-41.764 -20.627,-41.764 -20.627,-41.764 -20.628,-41.764 -20.628,-41.765 -20.627,-41.765 -20.627,-41.766 -20.626,-41.766 -20.626,-41.766 -20.626,-41.767 -20.626,-41.767 -20.626,-41.767 -20.626,-41.767 -20.626,-41.767 -20.627,-41.767 -20.627,-41.768 -20.627,-41.768 -20.627,-41.768 -20.627,-41.768 -20.627,-41.768 -20.627,-41.769 -20.627,-41.769 -20.626,-41.769 -20.626,-41.769 -20.626,-41.77 -20.625,-41.77 -20.625,-41.77 -20.624,-41.771 -20.623,-41.771 -20.623,-41.77 -20.623,-41.77 -20.622,-41.769 -20.622,-41.769 -20.621,-41.769 -20.62,-41.769 -20.62,-41.769 -20.62,-41.77 -20.62,-41.771 -20.619,-41.771 -20.619,-41.772 -20.619,-41.773 -20.619,-41.773 -20.618,-41.773 -20.618,-41.773 -20.617,-41.772 -20.616,-41.772 -20.616,-41.772 -20.616,-41.772 -20.615,-41.772 -20.615,-41.771 -20.615,-41.771 -20.615,-41.77 -20.615,-41.77 -20.615,-41.769 -20.615,-41.769 -20.615,-41.768 -20.615,-41.768 -20.616,-41.768 -20.616,-41.767 -20.615,-41.767 -20.615,-41.767 -20.615,-41.766 -20.614,-41.766 -20.613,-41.766 -20.613,-41.765 -20.612,-41.765 -20.612,-41.765 -20.612,-41.765 -20.611,-41.765 -20.611,-41.765 -20.611,-41.765 -20.61,-41.765 -20.61,-41.765 -20.61,-41.765 -20.609,-41.766 -20.609,-41.766 -20.609,-41.766 -20.608,-41.766 -20.608,-41.766 -20.608,-41.767 -20.608,-41.768 -20.608,-41.768 -20.608,-41.768 -20.608,-41.769 -20.608,-41.769 -20.607,-41.769 -20.607,-41.769 -20.607,-41.769 -20.606,-41.769 -20.606,-41.77 -20.606,-41.77 -20.605,-41.77 -20.605,-41.77 -20.604,-41.771 -20.604,-41.771 -20.604,-41.772 -20.604,-41.772 -20.604,-41.772 -20.604,-41.772 -20.604,-41.773 -20.604,-41.773 -20.604,-41.773 -20.604,-41.774 -20.604,-41.774 -20.604,-41.775 -20.604,-41.775 -20.604,-41.775 -20.605,-41.776 -20.605,-41.776 -20.605,-41.776 -20.606,-41.776 -20.606,-41.777 -20.606,-41.777 -20.606,-41.777 -20.606,-41.777 -20.606,-41.777 -20.606,-41.778 -20.605,-41.778 -20.604,-41.779 -20.603,-41.779 -20.602,-41.78 -20.601,-41.78 -20.6,-41.781 -20.599,-41.781 -20.597,-41.781 -20.597,-41.782 -20.597,-41.783 -20.596,-41.785 -20.595,-41.786 -20.595,-41.787 -20.594,-41.787 -20.594,-41.789 -20.594,-41.79 -20.594,-41.791 -20.595,-41.792 -20.596,-41.793 -20.596,-41.794 -20.595,-41.796 -20.593,-41.797 -20.592,-41.797 -20.591,-41.798 -20.59,-41.799 -20.589,-41.8 -20.589,-41.801 -20.588,-41.801 -20.587,-41.802 -20.586,-41.802 -20.585,-41.802 -20.585,-41.802 -20.584,-41.801 -20.583,-41.801 -20.582,-41.8 -20.582,-41.8 -20.58,-41.8 -20.58,-41.799 -20.579,-41.799 -20.578,-41.799 -20.577,-41.799 -20.576,-41.798 -20.575,-41.798 -20.575,-41.797 -20.575,-41.797 -20.575,-41.796 -20.575,-41.796 -20.575,-41.795 -20.574,-41.795 -20.573,-41.794 -20.573,-41.794 -20.572,-41.794 -20.571,-41.794 -20.57,-41.793 -20.57,-41.793 -20.57,-41.793 -20.57,-41.792 -20.569,-41.791 -20.569,-41.791 -20.568,-41.79 -20.568,-41.79 -20.567,-41.79 -20.566,-41.789 -20.566,-41.789 -20.566,-41.788 -20.565,-41.788 -20.564,-41.788 -20.563,-41.787 -20.562,-41.787 -20.562,-41.787 -20.561,-41.786 -20.561,-41.786 -20.56,-41.785 -20.56,-41.785 -20.56,-41.784 -20.558,-41.783 -20.557,-41.783 -20.556,-41.783 -20.555,-41.783 -20.555,-41.783 -20.554,-41.783 -20.553,-41.782 -20.552,-41.782 -20.551,-41.782 -20.551,-41.782 -20.55,-41.781 -20.549,-41.78 -20.547,-41.779 -20.546,-41.779 -20.545,-41.779 -20.545,-41.78 -20.544,-41.78 -20.543,-41.78 -20.542,-41.781 -20.541,-41.781 -20.54,-41.781 -20.54,-41.781 -20.539,-41.78 -20.539,-41.78 -20.538,-41.78 -20.538,-41.78 -20.537,-41.779 -20.537,-41.779 -20.536,-41.779 -20.536,-41.779 -20.535,-41.778 -20.535,-41.778 -20.534,-41.777 -20.533,-41.777 -20.533,-41.776 -20.532,-41.776 -20.531,-41.776 -20.53,-41.777 -20.529,-41.777 -20.527,-41.777 -20.526,-41.776 -20.525,-41.775 -20.525,-41.775 -20.524,-41.774 -20.524,-41.774 -20.523,-41.774 -20.523,-41.774 -20.523,-41.774 -20.522,-41.775 -20.522,-41.776 -20.522,-41.776 -20.521,-41.776 -20.521,-41.777 -20.52,-41.777 -20.519,-41.778 -20.519,-41.779 -20.519,-41.78 -20.519,-41.78 -20.518,-41.781 -20.518,-41.781 -20.517,-41.781 -20.516,-41.781 -20.516,-41.78 -20.515,-41.78 -20.514,-41.78 -20.513,-41.78 -20.512,-41.78 -20.512,-41.78 -20.512,-41.781 -20.511,-41.781 -20.511,-41.781 -20.511,-41.781 -20.51,-41.781 -20.51,-41.781 -20.509,-41.781 -20.507,-41.781 -20.506,-41.781 -20.506,-41.781 -20.506,-41.781 -20.505,-41.781 -20.505,-41.781 -20.504,-41.781 -20.504,-41.782 -20.504,-41.782 -20.503,-41.782 -20.503,-41.783 -20.502,-41.784 -20.501,-41.784 -20.499,-41.785 -20.499,-41.785 -20.499,-41.786 -20.499,-41.786 -20.498,-41.787 -20.498,-41.787 -20.497,-41.787 -20.497,-41.788 -20.497,-41.788 -20.496,-41.788 -20.495,-41.789 -20.495,-41.789 -20.494,-41.789 -20.494,-41.789 -20.494,-41.79 -20.493,-41.79 -20.493,-41.79 -20.493,-41.79 -20.492,-41.79 -20.492,-41.79 -20.492,-41.791 -20.491,-41.791 -20.491,-41.792 -20.49,-41.792 -20.489,-41.791 -20.489,-41.791 -20.488,-41.791 -20.488,-41.79 -20.488,-41.79 -20.487,-41.79 -20.487,-41.79 -20.485,-41.791 -20.485,-41.791 -20.484,-41.792 -20.484,-41.792 -20.483,-41.793 -20.483,-41.793 -20.482,-41.794 -20.481,-41.794 -20.481,-41.794 -20.48,-41.794 -20.48,-41.794 -20.479,-41.794 -20.479,-41.794 -20.478,-41.794 -20.478,-41.794 -20.477,-41.795 -20.477,-41.795 -20.477,-41.796 -20.477,-41.796 -20.477,-41.797 -20.477,-41.798 -20.477,-41.798 -20.477,-41.798 -20.477,-41.799 -20.477,-41.799 -20.477,-41.799 -20.476,-41.801\n-20.373,-41.772 -20.372,-41.773 -20.372,-41.773 -20.372,-41.774 -20.372,-41.774 -20.372,-41.775 -20.372,-41.775 -20.372,-41.775 -20.372,-41.775 -20.373,-41.775 -20.373,-41.776 -20.373,-41.776 -20.373,-41.776 -20.374,-41.777 -20.374,-41.777 -20.374,-41.777 -20.374,-41.777 -20.375,-41.777 -20.375,-41.778 -20.375,-41.778 -20.375,-41.779 -20.375,-41.779 -20.375,-41.78 -20.375,-41.78 -20.375,-41.781 -20.375,-41.782 -20.375,-41.783 -20.375,-41.784 -20.375,-41.784 -20.375,-41.785 -20.375,-41.785 -20.374,-41.786 -20.374,-41.786 -20.374,-41.787 -20.374,-41.787 -20.374,-41.787 -20.374,-41.788 -20.374,-41.788 -20.374,-41.788 -20.374,-41.788 -20.374,-41.789 -20.374,-41.79 -20.374,-41.79 -20.374,-41.791 -20.374,-41.791 -20.374,-41.791 -20.374,-41.792 -20.375,-41.792 -20.375,-41.792 -20.375,-41.792 -20.375,-41.792 -20.376,-41.792 -20.376,-41.793 -20.376,-41.793 -20.376,-41.793 -20.377,-41.793 -20.378,-41.793 -20.378,-41.793 -20.379,-41.792 -20.379,-41.792 -20.38,-41.792 -20.38,-41.791 -20.381,-41.79 -20.382,-41.79 -20.382,-41.789 -20.383,-41.788 -20.384,-41.788 -20.384,-41.788 -20.385,-41.788 -20.386,-41.789 -20.387,-41.789 -20.388,-41.789 -20.388,-41.79 -20.389,-41.79 -20.389,-41.79 -20.389,-41.791 -20.39,-41.791 -20.39,-41.792 -20.39,-41.792 -20.391,-41.792 -20.392,-41.792 -20.394,-41.791 -20.395,-41.791 -20.396,-41.791 -20.396,-41.791 -20.397,-41.791 -20.397,-41.792 -20.398,-41.792 -20.398,-41.792 -20.399,-41.793 -20.399,-41.793 -20.399,-41.794 -20.4,-41.794 -20.4,-41.794 -20.402,-41.795 -20.404,-41.795 -20.405,-41.795 -20.405,-41.795 -20.407,-41.795 -20.408,-41.796 -20.408,-41.796 -20.408,-41.797 -20.409,-41.797 -20.409,-41.798 -20.41,-41.798 -20.41,-41.798 -20.411,-41.799 -20.411,-41.8 -20.411,-41.8 -20.412,-41.801 -20.412,-41.801 -20.413,-41.802 -20.413,-41.802 -20.414,-41.802 -20.414,-41.802 -20.415,-41.803 -20.416,-41.803 -20.417,-41.804 -20.419,-41.804 -20.421,-41.803 -20.422,-41.803 -20.422,-41.803 -20.422,-41.803 -20.422,-41.803 -20.422,-41.803 -20.423,-41.802 -20.426,-41.803 -20.427,-41.802 -20.428,-41.803 -20.429,-41.803 -20.429,-41.803 -20.43,-41.801 -20.434,-41.798 -20.435,-41.798 -20.435,-41.798 -20.437,-41.799 -20.439,-41.799 -20.441,-41.802 -20.442,-41.802 -20.449,-41.801 -20.453,-41.801 -20.463,-41.799 -20.465,-41.799 -20.468,-41.801 -20.469,-41.801 -20.472,-41.8 -20.473,-41.799 -20.477,-41.799 -20.477,-41.799 -20.477,-41.798 -20.477,-41.798 -20.477,-41.798 -20.477,-41.797 -20.477,-41.796 -20.477,-41.796 -20.477,-41.795 -20.477,-41.795 -20.478,-41.794 -20.478,-41.794 -20.479,-41.794 -20.479,-41.794 -20.48,-41.794 -20.48,-41.794 -20.481,-41.794 -20.481,-41.794 -20.482,-41.794 -20.483,-41.793 -20.483,-41.793 -20.484,-41.792 -20.484,-41.792 -20.485,-41.791 -20.485,-41.791 -20.487,-41.79 -20.487,-41.79 -20.488,-41.79 -20.488,-41.79 -20.488,-41.791 -20.489,-41.791 -20.489,-41.791 -20.49,-41.792 -20.491,-41.792 -20.491,-41.791 -20.492,-41.791 -20.492,-41.79 -20.492,-41.79 -20.493,-41.79 -20.493,-41.79 -20.493,-41.79 -20.494,-41.79 -20.494,-41.789 -20.494,-41.789 -20.495,-41.789 -20.495,-41.789 -20.496,-41.788 -20.497,-41.788 -20.497,-41.788 -20.497,-41.787 -20.498,-41.787 -20.498,-41.787 -20.499,-41.786 -20.499,-41.786 -20.499,-41.785 -20.499,-41.785 -20.501,-41.784 -20.502,-41.784 -20.503,-41.783 -20.503,-41.782 -20.504,-41.782 -20.503,-41.781 -20.503,-41.781 -20.503,-41.78 -20.503,-41.78 -20.504,-41.78 -20.504,-41.779 -20.503,-41.779 -20.504,-41.779 -20.504,-41.779 -20.504,-41.779 -20.503,-41.778 -20.503,-41.778 -20.503,-41.778 -20.503,-41.778 -20.502,-41.777 -20.502,-41.777 -20.502,-41.776 -20.502,-41.776 -20.502,-41.776 -20.502,-41.775 -20.502,-41.775 -20.501,-41.775 -20.501,-41.774 -20.501,-41.774 -20.502,-41.774 -20.502,-41.774 -20.502,-41.774 -20.502,-41.773 -20.503,-41.773 -20.503,-41.772 -20.503,-41.772 -20.503,-41.771 -20.503,-41.771 -20.503,-41.771 -20.503,-41.77 -20.503,-41.77 -20.503,-41.769 -20.503,-41.769 -20.503,-41.769 -20.503,-41.768 -20.503,-41.768 -20.503,-41.767 -20.503,-41.767 -20.503,-41.767 -20.503,-41.766 -20.503,-41.766 -20.503,-41.766 -20.503,-41.765 -20.503,-41.765 -20.503,-41.765 -20.503,-41.764 -20.503,-41.764 -20.503,-41.763 -20.503,-41.763 -20.503,-41.763 -20.503,-41.762 -20.503,-41.762 -20.503,-41.762 -20.503,-41.761 -20.503,-41.761 -20.503,-41.76 -20.504,-41.76 -20.504,-41.76 -20.504,-41.759 -20.504,-41.759 -20.504,-41.758 -20.504,-41.758 -20.504,-41.757 -20.504,-41.757 -20.504,-41.756 -20.504,-41.756 -20.504,-41.755 -20.504,-41.755 -20.503,-41.755 -20.503,-41.754 -20.503,-41.754 -20.503,-41.753 -20.503,-41.753 -20.503,-41.753 -20.503,-41.752 -20.503,-41.752 -20.502,-41.752 -20.502,-41.751 -20.502,-41.75 -20.503,-41.75 -20.503,-41.749 -20.503,-41.748 -20.503,-41.747 -20.504,-41.746 -20.504,-41.745 -20.505,-41.745 -20.506,-41.745 -20.508,-41.744 -20.508,-41.744 -20.509,-41.744 -20.51,-41.744 -20.511,-41.743 -20.511,-41.743 -20.512,-41.742 -20.513,-41.742 -20.513,-41.741 -20.514,-41.741 -20.515,-41.74 -20.516,-41.74 -20.516,-41.739 -20.517,-41.739 -20.517,-41.738 -20.516,-41.737 -20.516,-41.737 -20.515,-41.736 -20.515,-41.736 -20.514,-41.735 -20.514,-41.734 -20.514,-41.733 -20.514,-41.732 -20.514,-41.732 -20.514,-41.731 -20.514,-41.731 -20.514,-41.73 -20.514,-41.729 -20.515,-41.728 -20.515,-41.728 -20.515,-41.728 -20.515,-41.727 -20.514,-41.727 -20.514,-41.727 -20.514,-41.726 -20.513,-41.726 -20.513,-41.726 -20.513,-41.725 -20.513,-41.725 -20.513,-41.724 -20.513,-41.723 -20.513,-41.723 -20.513,-41.723 -20.514,-41.723 -20.514,-41.723 -20.514,-41.722 -20.514,-41.722 -20.515,-41.722 -20.515,-41.721 -20.515,-41.721 -20.515,-41.721 -20.515,-41.721 -20.516,-41.72 -20.516,-41.72 -20.516,-41.72 -20.516,-41.719 -20.516,-41.719 -20.517,-41.719 -20.517,-41.718 -20.517,-41.718 -20.517,-41.717 -20.517,-41.717 -20.517,-41.717 -20.517,-41.716 -20.517,-41.716 -20.518,-41.716 -20.518,-41.716 -20.518,-41.715 -20.518,-41.715 -20.517,-41.715 -20.517,-41.714 -20.517,-41.714 -20.517,-41.714 -20.518,-41.713 -20.518,-41.713 -20.518,-41.713 -20.518,-41.714 -20.518,-41.714 -20.518,-41.714 -20.519,-41.714 -20.519,-41.714 -20.519,-41.714 -20.52,-41.714 -20.52,-41.714 -20.52,-41.714 -20.521,-41.713 -20.521,-41.713 -20.522,-41.713 -20.522,-41.713 -20.522,-41.713 -20.522,-41.714 -20.522,-41.714 -20.522,-41.714 -20.523,-41.714 -20.523,-41.715 -20.523,-41.715 -20.523,-41.715 -20.523,-41.715 -20.524,-41.715 -20.524,-41.715 -20.524,-41.715 -20.525,-41.715 -20.525,-41.714 -20.525,-41.714 -20.525,-41.714 -20.525,-41.713 -20.525,-41.713 -20.525,-41.713 -20.526,-41.713 -20.526,-41.713 -20.526,-41.713 -20.527,-41.712 -20.527,-41.711 -20.527,-41.711 -20.527,-41.711 -20.527,-41.71 -20.527,-41.71 -20.527,-41.71 -20.527,-41.709 -20.527,-41.709 -20.527,-41.708 -20.527,-41.708 -20.528,-41.707 -20.528,-41.707 -20.529,-41.706 -20.53,-41.705 -20.53,-41.705 -20.53,-41.705 -20.53,-41.704 -20.529,-41.701 -20.528,-41.7 -20.528,-41.7 -20.528,-41.698 -20.528,-41.698 -20.528,-41.697 -20.529,-41.697 -20.529,-41.696 -20.529,-41.695 -20.53,-41.694 -20.53,-41.693 -20.531,-41.693 -20.531,-41.692 -20.532,-41.692 -20.532,-41.691 -20.533,-41.691 -20.533,-41.69 -20.534,-41.69 -20.534,-41.69 -20.534,-41.691 -20.535,-41.691 -20.536,-41.691 -20.536,-41.69 -20.537,-41.69 -20.537,-41.69 -20.538,-41.69 -20.538,-41.69 -20.54,-41.69 -20.54,-41.69 -20.541,-41.69 -20.542,-41.69 -20.542,-41.69 -20.543,-41.69 -20.544,-41.69 -20.544,-41.69 -20.544,-41.69 -20.544,-41.69 -20.544,-41.69 -20.545,-41.69 -20.546,-41.689 -20.546,-41.689 -20.547,-41.688 -20.547,-41.687 -20.547,-41.686 -20.547,-41.686 -20.548,-41.686 -20.548,-41.685 -20.549,-41.684 -20.549,-41.684 -20.549,-41.684 -20.549,-41.684 -20.55,-41.683 -20.55,-41.683 -20.55,-41.684 -20.551,-41.683 -20.551,-41.683 -20.551,-41.683 -20.551,-41.682 -20.552,-41.681 -20.552,-41.681 -20.552,-41.68 -20.552,-41.679 -20.552,-41.679 -20.553,-41.678 -20.553,-41.677 -20.553,-41.677 -20.553,-41.676 -20.554,-41.676 -20.555,-41.675 -20.555,-41.674 -20.556,-41.674 -20.557,-41.674 -20.558,-41.674 -20.558,-41.673 -20.558,-41.673 -20.559,-41.672 -20.56,-41.672 -20.56,-41.672 -20.561,-41.672 -20.561,-41.672 -20.561,-41.672 -20.561,-41.672 -20.562,-41.672 -20.562,-41.672 -20.562,-41.672 -20.562,-41.672 -20.563,-41.672 -20.563,-41.672 -20.563,-41.672 -20.564,-41.672 -20.564,-41.672 -20.564,-41.672 -20.565,-41.672 -20.565,-41.672 -20.565,-41.671 -20.565,-41.671 -20.565,-41.67 -20.566,-41.67 -20.566,-41.67 -20.566,-41.669 -20.566,-41.669 -20.566,-41.669 -20.566,-41.669 -20.566,-41.669 -20.566,-41.669 -20.567,-41.668 -20.567,-41.668 -20.568,-41.669 -20.568,-41.669 -20.569,-41.669 -20.569,-41.669 -20.569,-41.668 -20.57,-41.668 -20.57,-41.668 -20.571,-41.669 -20.571,-41.669 -20.571,-41.669 -20.571,-41.669 -20.572,-41.669 -20.573,-41.669 -20.573,-41.669 -20.574,-41.669 -20.574,-41.668 -20.574,-41.668 -20.574,-41.668 -20.575,-41.668 -20.575,-41.668 -20.575,-41.668 -20.576,-41.668 -20.576,-41.668 -20.576,-41.668 -20.576,-41.668 -20.577,-41.668 -20.577,-41.668 -20.577,-41.669 -20.577,-41.669 -20.578,-41.669 -20.579,-41.669 -20.579,-41.668 -20.58,-41.668 -20.58,-41.668 -20.58,-41.667 -20.58,-41.667 -20.581,-41.667 -20.581,-41.666 -20.581,-41.666 -20.582,-41.666 -20.583,-41.665 -20.583,-41.665 -20.584,-41.664 -20.584,-41.664 -20.585,-41.664 -20.585,-41.664 -20.586,-41.664 -20.587,-41.664 -20.587,-41.664 -20.587,-41.663 -20.586,-41.663 -20.587,-41.663 -20.587,-41.663 -20.587,-41.663 -20.587,-41.663 -20.588,-41.663 -20.589,-41.663 -20.589,-41.663 -20.589,-41.664 -20.59,-41.664 -20.59,-41.665 -20.59,-41.665 -20.59,-41.665 -20.591,-41.666 -20.592,-41.667 -20.592,-41.667 -20.593,-41.667 -20.594,-41.667 -20.594,-41.667 -20.595,-41.667 -20.595,-41.667 -20.595,-41.666 -20.596,-41.666 -20.596,-41.665 -20.597,-41.665 -20.597,-41.665 -20.597,-41.665 -20.597,-41.665 -20.598,-41.665 -20.598,-41.666 -20.598,-41.666 -20.598,-41.666 -20.598,-41.667 -20.599,-41.667 -20.599,-41.667 -20.6,-41.668 -20.6,-41.668 -20.6,-41.668 -20.6,-41.668 -20.6,-41.667 -20.601,-41.667 -20.601,-41.667 -20.601,-41.667 -20.602,-41.667 -20.602,-41.667 -20.603,-41.667 -20.604,-41.667 -20.604,-41.668 -20.604,-41.668 -20.604,-41.668 -20.605,-41.668 -20.605,-41.668 -20.605,-41.668 -20.605,-41.668 -20.606,-41.668 -20.606,-41.668 -20.607,-41.668 -20.607,-41.668 -20.608,-41.668 -20.608,-41.668 -20.609,-41.668 -20.609,-41.668 -20.609,-41.668 -20.609,-41.668 -20.61,-41.668 -20.61,-41.668 -20.61,-41.668 -20.61,-41.667 -20.61,-41.667 -20.61,-41.666 -20.61,-41.666 -20.61,-41.666 -20.61,-41.665 -20.61,-41.665 -20.609,-41.664 -20.609,-41.664 -20.609,-41.664 -20.609,-41.663 -20.609,-41.663 -20.609,-41.663 -20.609,-41.662 -20.609,-41.661 -20.61,-41.661 -20.61,-41.66 -20.61,-41.66 -20.61,-41.659 -20.61,-41.659 -20.61,-41.659 -20.61,-41.659 -20.61,-41.658 -20.611,-41.658 -20.611,-41.659 -20.611,-41.659 -20.612,-41.659 -20.612,-41.66 -20.613,-41.66 -20.613,-41.66 -20.614,-41.66 -20.614,-41.66 -20.614,-41.66 -20.615,-41.66 -20.615,-41.66 -20.615,-41.659 -20.615,-41.659 -20.615,-41.659 -20.615,-41.659 -20.616,-41.659 -20.616,-41.659 -20.616,-41.659 -20.617,-41.659 -20.617,-41.66 -20.618,-41.66 -20.618,-41.66 -20.619,-41.66 -20.619,-41.66 -20.62,-41.66 -20.62,-41.66 -20.62,-41.66 -20.621,-41.659 -20.621,-41.659 -20.622,-41.658 -20.622,-41.659 -20.622,-41.659 -20.623,-41.66 -20.624,-41.66 -20.624,-41.66 -20.624,-41.66 -20.624,-41.661 -20.626,-41.662 -20.626,-41.662 -20.627,-41.661 -20.628,-41.661 -20.628,-41.662 -20.628,-41.662 -20.629,-41.663 -20.629,-41.663 -20.629,-41.663 -20.629,-41.663 -20.63,-41.663 -20.63,-41.663 -20.631,-41.663 -20.631,-41.662 -20.632,-41.662 -20.632,-41.662 -20.632,-41.662 -20.633,-41.662 -20.633,-41.662 -20.633,-41.662 -20.633,-41.662 -20.634,-41.662 -20.634,-41.662 -20.634,-41.662 -20.635,-41.661 -20.635,-41.661 -20.636,-41.661 -20.637,-41.66 -20.637,-41.66 -20.637,-41.659 -20.637,-41.658 -20.637,-41.657 -20.636,-41.657 -20.636,-41.657 -20.636,-41.656 -20.637,-41.656 -20.637,-41.655 -20.638,-41.655 -20.638,-41.655 -20.639,-41.655 -20.64,-41.655 -20.64,-41.654 -20.64,-41.654 -20.64,-41.653 -20.64,-41.653 -20.641,-41.652 -20.641,-41.652 -20.641,-41.652 -20.641,-41.652 -20.641,-41.652 -20.64,-41.651 -20.64,-41.651 -20.64,-41.65 -20.639,-41.65 -20.639,-41.649 -20.639,-41.649 -20.638,-41.648 -20.638,-41.648 -20.638,-41.648 -20.637,-41.648 -20.637,-41.648 -20.637,-41.647 -20.637,-41.647 -20.637,-41.647 -20.636,-41.647 -20.636,-41.647 -20.636,-41.646 -20.637,-41.646 -20.638,-41.645 -20.639,-41.645 -20.639,-41.644 -20.639,-41.643 -20.639,-41.643 -20.64,-41.642 -20.64,-41.642 -20.64,-41.641 -20.64,-41.641 -20.64,-41.641 -20.641,-41.641 -20.641,-41.642 -20.641,-41.642 -20.641,-41.642 -20.642,-41.642 -20.642,-41.642 -20.642,-41.642 -20.642,-41.642 -20.643,-41.642 -20.643,-41.642 -20.643,-41.642 -20.643,-41.642 -20.643,-41.643 -20.643,-41.643 -20.644,-41.643 -20.644,-41.643 -20.644,-41.643 -20.644,-41.643 -20.645,-41.643 -20.645,-41.643 -20.645,-41.643 -20.645,-41.643 -20.645,-41.643 -20.645,-41.643 -20.645,-41.642 -20.646,-41.642 -20.646,-41.642 -20.646,-41.642 -20.647,-41.643 -20.647,-41.643 -20.647,-41.643 -20.647,-41.643 -20.648,-41.643 -20.648,-41.643 -20.649,-41.643 -20.649,-41.644 -20.649,-41.644 -20.65,-41.644 -20.65,-41.644 -20.651,-41.644 -20.651,-41.644 -20.652,-41.644 -20.652,-41.644 -20.652,-41.644 -20.652,-41.644 -20.653,-41.644 -20.653,-41.643 -20.653,-41.643 -20.653,-41.643 -20.653,-41.643 -20.653,-41.643 -20.654,-41.643 -20.654,-41.643 -20.654,-41.642 -20.655,-41.642 -20.655,-41.642 -20.655,-41.641 -20.655,-41.641 -20.655,-41.641 -20.654,-41.641 -20.654,-41.64 -20.655,-41.64 -20.655,-41.64 -20.655,-41.64 -20.655,-41.639 -20.655,-41.639 -20.654,-41.639 -20.654,-41.639 -20.654,-41.638 -20.654,-41.638 -20.654,-41.638 -20.654,-41.637 -20.654,-41.637 -20.654,-41.637 -20.654,-41.637 -20.654,-41.637 -20.653,-41.637 -20.653,-41.636 -20.653,-41.636 -20.653,-41.636 -20.653,-41.636 -20.652,-41.636 -20.652,-41.636 -20.652,-41.636 -20.652,-41.635 -20.652,-41.635 -20.652,-41.635 -20.651,-41.634 -20.651,-41.634 -20.651,-41.634 -20.651,-41.634 -20.651,-41.634 -20.65,-41.633 -20.65,-41.633 -20.65,-41.633 -20.65,-41.632 -20.65,-41.632 -20.65,-41.631 -20.65,-41.631 -20.649,-41.631 -20.649,-41.63 -20.649,-41.63 -20.649,-41.63 -20.649,-41.629 -20.649,-41.628 -20.649,-41.628 -20.649,-41.627 -20.649,-41.626 -20.649,-41.625 -20.649,-41.625 -20.649,-41.624 -20.649,-41.624 -20.649,-41.623 -20.649,-41.623 -20.649,-41.622 -20.649,-41.621 -20.649,-41.62 -20.649,-41.619 -20.649,-41.619 -20.649,-41.619 -20.648,-41.618 -20.648,-41.618 -20.648,-41.618 -20.649,-41.616 -20.649,-41.616 -20.649,-41.615 -20.649,-41.615 -20.649,-41.615 -20.649,-41.614 -20.649,-41.614 -20.649,-41.613 -20.65,-41.613 -20.65,-41.613 -20.65,-41.614 -20.65,-41.614 -20.65,-41.614 -20.651,-41.614 -20.651,-41.614 -20.651,-41.614 -20.651,-41.614 -20.652,-41.614 -20.652,-41.613 -20.652,-41.613 -20.652,-41.613 -20.652,-41.613 -20.653,-41.612 -20.653,-41.61 -20.653,-41.609 -20.653,-41.608 -20.653,-41.607 -20.653,-41.607 -20.653,-41.606 -20.654,-41.606 -20.654,-41.606 -20.654,-41.606 -20.654,-41.605 -20.654,-41.605 -20.655,-41.605 -20.655,-41.605 -20.655,-41.604 -20.655,-41.604 -20.655,-41.604 -20.656,-41.604 -20.656,-41.603 -20.656,-41.603 -20.657,-41.603 -20.657,-41.603 -20.658,-41.603 -20.658,-41.602 -20.658,-41.602 -20.659,-41.602 -20.66,-41.602 -20.661,-41.602 -20.661,-41.601 -20.662,-41.6 -20.662,-41.6 -20.663,-41.6 -20.663,-41.6 -20.664,-41.599 -20.664,-41.599 -20.664,-41.599 -20.664,-41.599 -20.663,-41.598 -20.663,-41.598 -20.662,-41.598 -20.662,-41.598 -20.662,-41.598 -20.661,-41.598 -20.661,-41.598 -20.661,-41.598 -20.661,-41.598 -20.661,-41.598 -20.66,-41.598 -20.66,-41.599 -20.66,-41.599 -20.66,-41.599 -20.659,-41.599 -20.659,-41.598 -20.659,-41.598 -20.658,-41.599 -20.658,-41.599 -20.658,-41.599 -20.657,-41.599 -20.657,-41.599 -20.657,-41.599 -20.657,-41.599 -20.656,-41.599 -20.656,-41.599 -20.656,-41.6 -20.656,-41.6 -20.655,-41.6 -20.655,-41.6 -20.655,-41.6 -20.654,-41.599 -20.654,-41.599 -20.654,-41.6 -20.653,-41.6 -20.653,-41.6 -20.653,-41.6 -20.653,-41.6 -20.652,-41.6 -20.652,-41.601 -20.652,-41.601 -20.652,-41.602 -20.652,-41.602 -20.651,-41.602 -20.651,-41.603 -20.651,-41.603 -20.651,-41.603 -20.651,-41.603 -20.652,-41.604 -20.652,-41.604 -20.652,-41.604 -20.651,-41.604 -20.651,-41.605 -20.651,-41.605 -20.65,-41.605 -20.65,-41.605 -20.65,-41.605 -20.65,-41.605 -20.649,-41.606 -20.649,-41.606 -20.649,-41.606 -20.649,-41.606 -20.648,-41.606 -20.648,-41.606 -20.648,-41.607 -20.648,-41.607 -20.648,-41.607 -20.648,-41.607 -20.647,-41.607 -20.647,-41.607 -20.647,-41.607 -20.647,-41.607 -20.647,-41.608 -20.647,-41.608 -20.646,-41.608 -20.646,-41.609 -20.646,-41.609 -20.645,-41.61 -20.645,-41.61 -20.645,-41.61 -20.644,-41.61 -20.644,-41.61 -20.644,-41.61 -20.643,-41.61 -20.643,-41.61 -20.643,-41.61 -20.642,-41.61 -20.642,-41.61 -20.642,-41.61 -20.642,-41.609 -20.641,-41.609 -20.641,-41.609 -20.64,-41.609 -20.64,-41.609 -20.64,-41.61 -20.64,-41.61 -20.639,-41.61 -20.639,-41.61 -20.639,-41.61 -20.64,-41.61 -20.64,-41.61 -20.639,-41.611 -20.639,-41.611 -20.639,-41.611 -20.639,-41.61 -20.638,-41.611 -20.638,-41.611 -20.638,-41.611 -20.638,-41.611 -20.638,-41.611 -20.638,-41.611 -20.638,-41.611 -20.637,-41.611 -20.637,-41.611 -20.637,-41.611 -20.637,-41.611 -20.637,-41.611 -20.636,-41.611 -20.636,-41.611 -20.636,-41.611 -20.636,-41.611 -20.635,-41.611 -20.635,-41.611 -20.635,-41.611 -20.635,-41.611 -20.635,-41.611 -20.635,-41.611 -20.635,-41.611 -20.635,-41.611 -20.635,-41.612 -20.635,-41.612 -20.634,-41.612 -20.634,-41.612 -20.634,-41.611 -20.634,-41.611 -20.634,-41.611 -20.634,-41.611 -20.634,-41.611 -20.634,-41.61 -20.634,-41.61 -20.633,-41.61 -20.633,-41.61 -20.633,-41.61 -20.633,-41.61 -20.633,-41.611 -20.632,-41.611 -20.632,-41.611 -20.632,-41.611 -20.632,-41.611 -20.632,-41.611 -20.632,-41.611 -20.632,-41.611 -20.632,-41.611 -20.632,-41.611 -20.631,-41.611 -20.631,-41.611 -20.631,-41.61 -20.631,-41.61 -20.631,-41.61 -20.631,-41.61 -20.631,-41.61 -20.631,-41.609 -20.631,-41.609 -20.631,-41.609 -20.631,-41.609 -20.631,-41.608 -20.631,-41.608 -20.632,-41.607 -20.632,-41.607 -20.631,-41.607 -20.631,-41.607 -20.631,-41.607 -20.631,-41.606 -20.631,-41.606 -20.631,-41.606 -20.631,-41.605 -20.631,-41.605 -20.631,-41.605 -20.63,-41.604 -20.63,-41.604 -20.63,-41.604 -20.63,-41.604 -20.63,-41.604 -20.63,-41.605 -20.629,-41.605 -20.628,-41.605 -20.628,-41.605 -20.627,-41.605 -20.627,-41.605 -20.627,-41.606 -20.627,-41.606 -20.626,-41.606 -20.626,-41.606 -20.626,-41.606 -20.626,-41.607 -20.625,-41.607 -20.625,-41.607 -20.625,-41.607 -20.625,-41.607 -20.625,-41.607 -20.625,-41.607 -20.624,-41.606 -20.624,-41.606 -20.624,-41.606 -20.624,-41.606 -20.623,-41.606 -20.623,-41.606 -20.623,-41.606 -20.623,-41.606 -20.622,-41.607 -20.622,-41.607 -20.622,-41.608 -20.622,-41.608 -20.622,-41.608 -20.622,-41.608 -20.622,-41.608 -20.621,-41.609 -20.622,-41.609 -20.622,-41.61 -20.622,-41.61 -20.622,-41.61 -20.622,-41.61 -20.622,-41.61 -20.622,-41.611 -20.622,-41.611 -20.622,-41.611 -20.622,-41.611 -20.621,-41.612 -20.621,-41.612 -20.621,-41.612 -20.621,-41.612 -20.621,-41.613 -20.621,-41.613 -20.621,-41.613 -20.62,-41.613 -20.62,-41.613 -20.62,-41.613 -20.62,-41.613 -20.62,-41.613 -20.619,-41.613 -20.619,-41.613 -20.619,-41.614 -20.619,-41.614 -20.619,-41.614 -20.619,-41.615 -20.62,-41.615 -20.62,-41.615 -20.621,-41.616 -20.621,-41.616 -20.621,-41.616 -20.621,-41.616 -20.621,-41.616 -20.621,-41.617 -20.622,-41.617 -20.622,-41.617 -20.622,-41.617 -20.622,-41.617 -20.622,-41.617 -20.622,-41.617 -20.623,-41.617 -20.623,-41.617 -20.623,-41.617 -20.624,-41.617 -20.624,-41.617 -20.624,-41.617 -20.624,-41.617 -20.624,-41.617 -20.624,-41.617 -20.624,-41.617 -20.624,-41.618 -20.625,-41.618 -20.625,-41.618 -20.625,-41.619 -20.624,-41.619 -20.624,-41.619 -20.624,-41.62 -20.623,-41.62 -20.623,-41.62 -20.623,-41.62 -20.623,-41.62 -20.623,-41.62 -20.623,-41.62 -20.623,-41.62 -20.624,-41.62 -20.624,-41.621 -20.624,-41.621 -20.624,-41.621 -20.624,-41.621 -20.624,-41.621 -20.625,-41.621 -20.625,-41.621 -20.625,-41.622 -20.625,-41.622 -20.624,-41.622 -20.624,-41.623 -20.624,-41.623 -20.624,-41.623 -20.623,-41.623 -20.623,-41.623 -20.623,-41.623 -20.623,-41.623 -20.623,-41.623 -20.622,-41.623 -20.622,-41.624 -20.622,-41.624 -20.622,-41.624 -20.622,-41.625 -20.622,-41.625 -20.622,-41.625 -20.622,-41.625 -20.621,-41.626 -20.621,-41.626 -20.62,-41.626 -20.62,-41.626 -20.62,-41.626 -20.619,-41.626 -20.619,-41.625 -20.619,-41.625 -20.618,-41.625 -20.618,-41.625 -20.618,-41.624 -20.618,-41.624 -20.617,-41.624 -20.617,-41.624 -20.617,-41.624 -20.617,-41.624 -20.617,-41.624 -20.617,-41.624 -20.617,-41.624 -20.616,-41.624 -20.616,-41.624 -20.616,-41.624 -20.616,-41.624 -20.616,-41.624 -20.616,-41.624 -20.616,-41.623 -20.616,-41.623 -20.616,-41.623 -20.616,-41.623 -20.616,-41.623 -20.617,-41.622 -20.617,-41.622 -20.617,-41.622 -20.617,-41.621 -20.617,-41.621 -20.617,-41.62 -20.617,-41.62 -20.616,-41.619 -20.616,-41.619 -20.616,-41.619 -20.615,-41.619 -20.615,-41.619 -20.614,-41.619 -20.614,-41.619 -20.614,-41.619 -20.614,-41.619 -20.614,-41.619 -20.614,-41.62 -20.614,-41.621 -20.613,-41.621 -20.613,-41.622 -20.613,-41.622 -20.613,-41.623 -20.613,-41.623 -20.613,-41.624 -20.613,-41.624 -20.612,-41.624 -20.612,-41.624 -20.612,-41.624 -20.612,-41.624 -20.611,-41.623 -20.611,-41.623 -20.611,-41.623 -20.611,-41.623 -20.611,-41.623 -20.61,-41.623 -20.61,-41.623 -20.61,-41.623 -20.61,-41.623 -20.609,-41.623 -20.609,-41.623 -20.609,-41.623 -20.609,-41.624 -20.609,-41.624 -20.608,-41.624 -20.608,-41.624 -20.608,-41.624 -20.608,-41.624 -20.607,-41.624 -20.607,-41.624 -20.607,-41.624 -20.607,-41.624 -20.607,-41.624 -20.607,-41.624 -20.607,-41.624 -20.607,-41.624 -20.607,-41.623 -20.607,-41.623 -20.607,-41.623 -20.606,-41.623 -20.606,-41.623 -20.606,-41.623 -20.606,-41.623 -20.606,-41.623 -20.606,-41.623 -20.606,-41.623 -20.606,-41.623 -20.606,-41.623 -20.606,-41.623 -20.606,-41.623 -20.605,-41.623 -20.605,-41.623 -20.605,-41.623 -20.605,-41.623 -20.605,-41.623 -20.605,-41.623 -20.605,-41.623 -20.605,-41.623 -20.604,-41.623 -20.604,-41.623 -20.604,-41.623 -20.604,-41.623 -20.604,-41.623 -20.604,-41.623 -20.604,-41.623 -20.604,-41.623 -20.604,-41.622 -20.603,-41.622 -20.603,-41.622 -20.603,-41.622 -20.603,-41.622 -20.603,-41.622 -20.603,-41.622 -20.603,-41.622 -20.603,-41.622 -20.603,-41.622 -20.603,-41.622 -20.603,-41.622 -20.603,-41.622 -20.603,-41.621 -20.603,-41.621 -20.602,-41.621 -20.602,-41.621 -20.602,-41.621 -20.602,-41.62 -20.602,-41.62 -20.602,-41.62 -20.602,-41.619 -20.602,-41.619 -20.601,-41.619 -20.601,-41.619 -20.601,-41.619 -20.601,-41.619 -20.6,-41.619 -20.6,-41.618 -20.6,-41.618 -20.6,-41.618 -20.6,-41.618 -20.599,-41.618 -20.599,-41.618 -20.598,-41.618 -20.598,-41.617 -20.598,-41.617 -20.597,-41.617 -20.597,-41.617 -20.597,-41.617 -20.597,-41.617 -20.597,-41.618 -20.597,-41.618 -20.597,-41.618 -20.597,-41.619 -20.597,-41.619 -20.598,-41.62 -20.598,-41.62 -20.598,-41.621 -20.598,-41.621 -20.598,-41.621 -20.598,-41.621 -20.599,-41.621 -20.599,-41.621 -20.599,-41.621 -20.599,-41.621 -20.6,-41.622 -20.601,-41.623 -20.6,-41.623 -20.6,-41.623 -20.6,-41.623 -20.599,-41.623 -20.599,-41.623 -20.598,-41.624 -20.598,-41.624 -20.598,-41.624 -20.598,-41.624 -20.598,-41.625 -20.597,-41.625 -20.597,-41.625 -20.597,-41.626 -20.597,-41.626 -20.597,-41.627 -20.597,-41.627 -20.597,-41.628 -20.596,-41.628 -20.596,-41.628 -20.595,-41.628 -20.595,-41.628 -20.595,-41.628 -20.595,-41.629 -20.595,-41.629 -20.595,-41.63 -20.594,-41.63 -20.594,-41.63 -20.594,-41.631 -20.594,-41.631 -20.594,-41.631 -20.594,-41.631 -20.594,-41.632 -20.594,-41.632 -20.593,-41.632 -20.593,-41.632 -20.593,-41.633 -20.593,-41.633 -20.592,-41.633 -20.592,-41.633 -20.592,-41.633 -20.592,-41.633 -20.591,-41.634 -20.591,-41.634 -20.591,-41.634 -20.591,-41.634 -20.591,-41.635 -20.59,-41.635 -20.59,-41.635 -20.59,-41.635 -20.589,-41.636 -20.589,-41.636 -20.589,-41.637 -20.589,-41.637 -20.588,-41.638 -20.588,-41.638 -20.587,-41.637 -20.587,-41.637 -20.587,-41.637 -20.587,-41.637 -20.586,-41.636 -20.586,-41.636 -20.586,-41.635 -20.586,-41.635 -20.585,-41.635 -20.585,-41.634 -20.585,-41.634 -20.584,-41.634 -20.584,-41.634 -20.583,-41.634 -20.583,-41.634 -20.582,-41.634 -20.581,-41.634 -20.581,-41.634 -20.581,-41.634 -20.58,-41.634 -20.58,-41.634 -20.579,-41.634 -20.579,-41.634 -20.579,-41.635 -20.579,-41.635 -20.578,-41.635 -20.578,-41.636 -20.578,-41.636 -20.578,-41.636 -20.577,-41.636 -20.577,-41.636 -20.576,-41.636 -20.576,-41.636 -20.575,-41.637 -20.575,-41.637 -20.575,-41.637 -20.574,-41.638 -20.574,-41.639 -20.573,-41.639 -20.572,-41.639 -20.572,-41.639 -20.572,-41.639 -20.572,-41.638 -20.571,-41.637 -20.571,-41.637 -20.571,-41.637 -20.571,-41.636 -20.571,-41.635 -20.57,-41.634 -20.57,-41.634 -20.569,-41.634 -20.568,-41.633 -20.568,-41.633 -20.567,-41.633 -20.567,-41.633 -20.566,-41.633 -20.565,-41.633 -20.564,-41.632 -20.563,-41.632 -20.563,-41.632 -20.563,-41.632 -20.563,-41.631 -20.563,-41.631 -20.563,-41.631 -20.563,-41.63 -20.563,-41.63 -20.563,-41.63 -20.563,-41.629 -20.563,-41.629 -20.564,-41.629 -20.564,-41.629 -20.564,-41.628 -20.564,-41.628 -20.564,-41.628 -20.564,-41.628 -20.565,-41.627 -20.565,-41.627 -20.565,-41.626 -20.565,-41.626 -20.565,-41.626 -20.565,-41.626 -20.565,-41.626 -20.565,-41.626 -20.565,-41.626 -20.564,-41.626 -20.564,-41.626 -20.564,-41.626 -20.564,-41.626 -20.564,-41.626 -20.564,-41.626 -20.564,-41.625 -20.565,-41.625 -20.565,-41.625 -20.565,-41.625 -20.565,-41.625 -20.565,-41.625 -20.564,-41.625 -20.564,-41.625 -20.564,-41.625 -20.564,-41.624 -20.564,-41.624 -20.564,-41.624 -20.564,-41.624 -20.564,-41.624 -20.564,-41.623 -20.564,-41.623 -20.564,-41.623 -20.565,-41.623 -20.565,-41.623 -20.565,-41.623 -20.565,-41.623 -20.565,-41.622 -20.565,-41.622 -20.565,-41.622 -20.565,-41.622 -20.565,-41.622 -20.565,-41.622 -20.566,-41.622 -20.566,-41.621 -20.566,-41.621 -20.566,-41.621 -20.566,-41.621 -20.565,-41.621 -20.565,-41.621 -20.565,-41.62 -20.565,-41.62 -20.565,-41.619 -20.565,-41.619 -20.565,-41.619 -20.565,-41.619 -20.565,-41.619 -20.565,-41.618 -20.565,-41.618 -20.565,-41.618 -20.565,-41.617 -20.564,-41.617 -20.564,-41.617 -20.564,-41.617 -20.564,-41.616 -20.564,-41.616 -20.564,-41.616 -20.564,-41.616 -20.564,-41.616 -20.563,-41.615 -20.563,-41.615 -20.563,-41.615 -20.563,-41.615 -20.563,-41.615 -20.562,-41.615 -20.562,-41.615 -20.562,-41.615 -20.561,-41.615 -20.561,-41.615 -20.561,-41.615 -20.561,-41.615 -20.561,-41.615 -20.56,-41.614 -20.56,-41.614 -20.56,-41.614 -20.559,-41.614 -20.559,-41.614 -20.559,-41.613 -20.559,-41.613 -20.558,-41.613 -20.558,-41.613 -20.558,-41.613 -20.558,-41.613 -20.558,-41.612 -20.558,-41.612 -20.558,-41.612 -20.558,-41.612 -20.558,-41.612 -20.558,-41.612 -20.558,-41.612 -20.558,-41.612 -20.557,-41.611 -20.557,-41.611 -20.557,-41.611 -20.557,-41.61 -20.557,-41.61 -20.557,-41.609 -20.556,-41.609 -20.556,-41.609 -20.556,-41.609 -20.556,-41.609 -20.556,-41.608 -20.556,-41.608 -20.556,-41.608 -20.555,-41.608 -20.555,-41.608 -20.555,-41.608 -20.554,-41.608 -20.554,-41.608 -20.553,-41.609 -20.553,-41.609 -20.553,-41.609 -20.553,-41.609 -20.553,-41.609 -20.552,-41.609 -20.552,-41.609 -20.552,-41.609 -20.552,-41.609 -20.552,-41.609 -20.551,-41.609 -20.551,-41.609 -20.551,-41.609 -20.551,-41.609 -20.551,-41.609 -20.55,-41.609 -20.55,-41.608 -20.55,-41.608 -20.55,-41.608 -20.55,-41.608 -20.549,-41.608 -20.549,-41.608 -20.549,-41.608 -20.549,-41.608 -20.549,-41.607 -20.549,-41.607 -20.549,-41.607 -20.548,-41.607 -20.548,-41.607 -20.548,-41.606 -20.548,-41.606 -20.548,-41.606 -20.549,-41.605 -20.549,-41.605 -20.548,-41.605 -20.548,-41.605 -20.548,-41.604 -20.548,-41.604 -20.549,-41.604 -20.549,-41.603 -20.549,-41.603 -20.549,-41.603 -20.549,-41.602 -20.548,-41.602 -20.548,-41.602 -20.547,-41.602 -20.547,-41.602 -20.547,-41.602 -20.546,-41.602 -20.546,-41.602 -20.546,-41.602 -20.546,-41.602 -20.545,-41.602 -20.545,-41.601 -20.545,-41.601 -20.545,-41.601 -20.545,-41.601 -20.544,-41.601 -20.544,-41.601 -20.543,-41.601 -20.543,-41.601 -20.543,-41.601 -20.543,-41.6 -20.542,-41.6 -20.542,-41.6 -20.542,-41.6 -20.541,-41.6 -20.541,-41.6 -20.54,-41.6 -20.54,-41.6 -20.539,-41.6 -20.539,-41.601 -20.539,-41.601 -20.539,-41.601 -20.538,-41.602 -20.538,-41.602 -20.537,-41.602 -20.537,-41.602 -20.537,-41.602 -20.537,-41.602 -20.537,-41.603 -20.537,-41.603 -20.537,-41.603 -20.536,-41.604 -20.536,-41.604 -20.536,-41.604 -20.536,-41.604 -20.536,-41.604 -20.535,-41.604 -20.535,-41.604 -20.535,-41.604 -20.534,-41.604 -20.534,-41.604 -20.534,-41.604 -20.534,-41.604 -20.533,-41.604 -20.533,-41.604 -20.533,-41.604 -20.533,-41.604 -20.532,-41.603 -20.532,-41.603 -20.532,-41.603 -20.532,-41.603 -20.531,-41.603 -20.531,-41.603 -20.531,-41.603 -20.531,-41.603 -20.531,-41.603 -20.531,-41.602 -20.531,-41.602 -20.53,-41.602 -20.53,-41.602 -20.53,-41.602 -20.53,-41.602 -20.529,-41.602 -20.529,-41.602 -20.529,-41.602 -20.528,-41.602 -20.528,-41.602 -20.528,-41.602 -20.528,-41.602 -20.527,-41.602 -20.527,-41.602 -20.527,-41.603 -20.526,-41.603 -20.526,-41.603 -20.526,-41.603 -20.526,-41.603 -20.525,-41.603 -20.525,-41.604 -20.524,-41.604 -20.524,-41.604 -20.523,-41.604 -20.523,-41.604 -20.523,-41.604 -20.522,-41.604 -20.522,-41.604 -20.521,-41.604 -20.521,-41.603 -20.521,-41.603 -20.52,-41.603 -20.52,-41.603 -20.52,-41.603 -20.52,-41.603 -20.519,-41.604 -20.519,-41.604 -20.519,-41.604 -20.518,-41.603 -20.518,-41.603 -20.517,-41.603 -20.517,-41.603 -20.516,-41.602 -20.516,-41.602 -20.516,-41.602 -20.515,-41.602 -20.515,-41.603 -20.515,-41.603 -20.514,-41.603 -20.514,-41.603 -20.514,-41.603 -20.514,-41.603 -20.513,-41.603 -20.513,-41.603 -20.513,-41.603 -20.513,-41.603 -20.513,-41.603 -20.513,-41.602 -20.512,-41.602 -20.512,-41.602 -20.512,-41.602 -20.512,-41.602 -20.512,-41.601 -20.511,-41.601 -20.511,-41.601 -20.511,-41.6 -20.511,-41.6 -20.51,-41.6 -20.51,-41.6 -20.51,-41.6 -20.509,-41.6 -20.509,-41.6 -20.509,-41.6 -20.509,-41.599 -20.509,-41.599 -20.509,-41.599 -20.509,-41.599 -20.509,-41.598 -20.509,-41.598 -20.508,-41.598 -20.508,-41.598 -20.508,-41.598 -20.508,-41.598 -20.507,-41.598 -20.506,-41.597 -20.506,-41.597 -20.506,-41.597 -20.506,-41.597 -20.505,-41.597 -20.505,-41.597 -20.505,-41.597 -20.504,-41.596 -20.504,-41.596 -20.504,-41.596 -20.504,-41.596 -20.502,-41.597 -20.502,-41.597 -20.502,-41.597 -20.502,-41.597 -20.501,-41.597 -20.501,-41.597 -20.5,-41.597 -20.5,-41.597 -20.499,-41.597 -20.499,-41.597 -20.498,-41.597 -20.498,-41.596 -20.498,-41.596 -20.498,-41.596 -20.498,-41.596 -20.498,-41.596 -20.497,-41.595 -20.497,-41.595 -20.497,-41.595 -20.497,-41.595 -20.497,-41.595 -20.497,-41.594 -20.497,-41.594 -20.497,-41.595 -20.496,-41.595 -20.494,-41.595 -20.494,-41.595 -20.493,-41.594 -20.493,-41.594 -20.493,-41.594 -20.493,-41.594 -20.492,-41.594 -20.492,-41.594 -20.492,-41.594 -20.491,-41.594 -20.491,-41.594 -20.49,-41.594 -20.49,-41.594 -20.489,-41.594 -20.489,-41.594 -20.489,-41.594 -20.489,-41.594 -20.488,-41.594 -20.488,-41.594 -20.488,-41.593 -20.487,-41.593 -20.487,-41.593 -20.486,-41.593 -20.486,-41.593 -20.486,-41.592 -20.485,-41.593 -20.485,-41.593 -20.485,-41.593 -20.484,-41.593 -20.484,-41.593 -20.484,-41.593 -20.484,-41.593 -20.483,-41.593 -20.483,-41.593 -20.483,-41.593 -20.483,-41.593 -20.483,-41.593 -20.482,-41.593 -20.482,-41.593 -20.482,-41.593 -20.481,-41.593 -20.481,-41.593 -20.48,-41.594 -20.48,-41.594 -20.48,-41.594 -20.48,-41.594 -20.479,-41.594 -20.479,-41.594 -20.479,-41.594 -20.479,-41.594 -20.479,-41.594 -20.479,-41.594 -20.478,-41.594 -20.478,-41.594 -20.478,-41.595 -20.479,-41.595 -20.479,-41.596 -20.478,-41.596 -20.478,-41.596 -20.478,-41.597 -20.477,-41.597 -20.477,-41.597 -20.477,-41.598 -20.477,-41.598 -20.476,-41.598 -20.476,-41.599 -20.476,-41.599 -20.476,-41.599 -20.476,-41.6 -20.476,-41.6 -20.476,-41.6 -20.477,-41.6 -20.477,-41.6 -20.477,-41.601 -20.477,-41.601 -20.477,-41.601 -20.477,-41.602 -20.477,-41.602 -20.477,-41.602 -20.478,-41.602 -20.478,-41.602 -20.478,-41.603 -20.478,-41.603 -20.479,-41.604 -20.479,-41.604 -20.479,-41.604 -20.479,-41.605 -20.479,-41.605 -20.479,-41.606 -20.479,-41.606 -20.479,-41.606 -20.478,-41.606 -20.478,-41.607 -20.478,-41.607 -20.477,-41.607 -20.477,-41.607 -20.477,-41.607 -20.477,-41.607 -20.477,-41.608 -20.477,-41.608 -20.476,-41.608 -20.476,-41.608 -20.475,-41.609 -20.475,-41.609 -20.475,-41.609 -20.475,-41.61 -20.475,-41.61 -20.475,-41.61 -20.475,-41.611 -20.475,-41.611 -20.475,-41.611 -20.475,-41.611 -20.475,-41.612 -20.475,-41.612 -20.475,-41.612 -20.475,-41.612 -20.475,-41.612 -20.475,-41.613 -20.475,-41.613 -20.475,-41.613 -20.475,-41.613 -20.474,-41.613 -20.475,-41.615 -20.474,-41.615 -20.474,-41.615 -20.474,-41.616 -20.474,-41.616 -20.474,-41.616 -20.473,-41.616 -20.473,-41.616 -20.473,-41.616 -20.472,-41.616 -20.472,-41.617 -20.472,-41.617 -20.471,-41.617 -20.471,-41.617 -20.471,-41.617 -20.47,-41.617 -20.47,-41.617 -20.47,-41.618 -20.469,-41.618 -20.469,-41.618 -20.469,-41.618 -20.47,-41.619 -20.47,-41.619 -20.47,-41.619 -20.469,-41.619 -20.469,-41.62 -20.469,-41.62 -20.469,-41.62 -20.469,-41.62 -20.469,-41.62 -20.469,-41.62 -20.468,-41.62 -20.468,-41.62 -20.468,-41.62 -20.467,-41.62 -20.467,-41.62 -20.467,-41.62 -20.467,-41.62 -20.467,-41.62 -20.466,-41.62 -20.466,-41.62 -20.466,-41.619 -20.466,-41.619 -20.465,-41.619 -20.465,-41.619 -20.464,-41.618 -20.464,-41.619 -20.464,-41.619 -20.464,-41.62 -20.464,-41.62 -20.463,-41.62 -20.463,-41.62 -20.463,-41.62 -20.463,-41.62 -20.463,-41.62 -20.463,-41.62 -20.463,-41.62 -20.463,-41.621 -20.463,-41.621 -20.463,-41.621 -20.463,-41.621 -20.463,-41.621 -20.463,-41.622 -20.463,-41.622 -20.463,-41.622 -20.463,-41.622 -20.463,-41.622 -20.462,-41.622 -20.462,-41.622 -20.462,-41.623 -20.462,-41.623 -20.462,-41.623 -20.462,-41.623 -20.462,-41.624 -20.462,-41.624 -20.462,-41.624 -20.462,-41.624 -20.462,-41.624 -20.462,-41.624 -20.462,-41.625 -20.462,-41.625 -20.462,-41.625 -20.462,-41.625 -20.461,-41.626 -20.461,-41.626 -20.461,-41.626 -20.461,-41.626 -20.461,-41.626 -20.461,-41.627 -20.461,-41.627 -20.461,-41.628 -20.461,-41.628 -20.461,-41.628 -20.461,-41.629 -20.461,-41.629 -20.461,-41.63 -20.461,-41.63 -20.461,-41.631 -20.461,-41.631 -20.46,-41.631 -20.46,-41.631 -20.46,-41.631 -20.46,-41.631 -20.46,-41.632 -20.46,-41.632 -20.459,-41.632 -20.459,-41.632 -20.459,-41.632 -20.459,-41.632 -20.458,-41.632 -20.458,-41.632 -20.458,-41.632 -20.458,-41.632 -20.458,-41.632 -20.457,-41.631 -20.456,-41.631 -20.456,-41.631 -20.455,-41.63 -20.455,-41.63 -20.455,-41.629 -20.454,-41.628 -20.454,-41.627 -20.454,-41.627 -20.454,-41.627 -20.453,-41.627 -20.453,-41.626 -20.453,-41.625 -20.452,-41.625 -20.451,-41.624 -20.451,-41.623 -20.45,-41.623 -20.45,-41.623 -20.45,-41.622 -20.45,-41.622 -20.449,-41.622 -20.449,-41.622 -20.449,-41.622 -20.449,-41.622 -20.448,-41.622 -20.448,-41.622 -20.448,-41.622 -20.447,-41.622 -20.447,-41.622 -20.447,-41.622 -20.447,-41.622 -20.446,-41.622 -20.446,-41.622 -20.446,-41.622 -20.446,-41.622 -20.445,-41.622 -20.445,-41.622 -20.444,-41.622 -20.444,-41.622 -20.444,-41.622 -20.444,-41.622 -20.443,-41.622 -20.443,-41.622 -20.443,-41.622 -20.443,-41.623 -20.443,-41.623 -20.443,-41.624 -20.442,-41.625 -20.442,-41.625 -20.442,-41.626 -20.442,-41.626 -20.442,-41.626 -20.442,-41.627 -20.442,-41.627 -20.442,-41.628 -20.442,-41.628 -20.442,-41.628 -20.442,-41.629 -20.442,-41.629 -20.441,-41.629 -20.44,-41.629 -20.44,-41.629 -20.44,-41.629 -20.44,-41.63 -20.44,-41.63 -20.44,-41.631 -20.439,-41.631 -20.439,-41.631 -20.439,-41.631 -20.439,-41.632 -20.439,-41.632 -20.439,-41.632 -20.439,-41.633 -20.439,-41.633 -20.439,-41.633 -20.439,-41.633 -20.439,-41.633 -20.439,-41.633 -20.44,-41.633 -20.44,-41.634 -20.44,-41.634 -20.439,-41.634 -20.439,-41.634 -20.439,-41.634 -20.439,-41.635 -20.439,-41.635 -20.439,-41.635 -20.439,-41.635 -20.438,-41.635 -20.438,-41.635 -20.439,-41.636 -20.439,-41.636 -20.438,-41.637 -20.438,-41.637 -20.438,-41.637 -20.439,-41.638 -20.439,-41.638 -20.439,-41.638 -20.438,-41.638 -20.438,-41.638 -20.438,-41.639 -20.438,-41.639 -20.437,-41.639 -20.437,-41.64 -20.437,-41.64 -20.437,-41.64 -20.436,-41.64 -20.436,-41.64 -20.435,-41.641 -20.435,-41.641 -20.435,-41.641 -20.435,-41.641 -20.434,-41.641 -20.434,-41.641 -20.433,-41.641 -20.433,-41.641 -20.433,-41.641 -20.432,-41.641 -20.432,-41.642 -20.432,-41.642 -20.432,-41.642 -20.431,-41.642 -20.431,-41.642 -20.431,-41.642 -20.431,-41.642 -20.43,-41.642 -20.43,-41.642 -20.43,-41.642 -20.429,-41.642 -20.429,-41.641 -20.429,-41.641 -20.429,-41.641 -20.429,-41.641 -20.428,-41.642 -20.427,-41.642 -20.426,-41.641 -20.426,-41.641 -20.425,-41.641 -20.425,-41.641 -20.424,-41.641 -20.423,-41.64 -20.423,-41.64 -20.423,-41.639 -20.422,-41.639 -20.422,-41.639 -20.421,-41.638 -20.42,-41.638 -20.42,-41.638 -20.42,-41.638 -20.419,-41.638 -20.419,-41.637 -20.419,-41.638 -20.418,-41.638 -20.418,-41.637 -20.418,-41.637 -20.417,-41.637 -20.417,-41.637 -20.417,-41.637 -20.417,-41.636 -20.417,-41.636 -20.416,-41.637 -20.416,-41.636 -20.416,-41.636 -20.416,-41.636 -20.415,-41.636 -20.415,-41.635 -20.414,-41.635 -20.414,-41.634 -20.413,-41.633 -20.413,-41.633 -20.413,-41.633 -20.413,-41.632 -20.413,-41.631 -20.413,-41.631 -20.413,-41.631 -20.413,-41.631 -20.412,-41.631 -20.412,-41.631 -20.412,-41.631 -20.411,-41.631 -20.411,-41.631 -20.411,-41.631 -20.41,-41.631 -20.41,-41.632 -20.409,-41.632 -20.409,-41.633 -20.409,-41.633 -20.409,-41.633 -20.408,-41.634 -20.408,-41.634 -20.408,-41.634 -20.408,-41.634 -20.407,-41.634 -20.407,-41.634 -20.407,-41.634 -20.406,-41.633 -20.406,-41.633 -20.406,-41.633 -20.405,-41.633 -20.405,-41.633 -20.405,-41.633 -20.405,-41.633 -20.404,-41.633 -20.404,-41.633 -20.404,-41.634 -20.404,-41.634 -20.404,-41.634 -20.403,-41.635 -20.403,-41.635 -20.403,-41.635 -20.403,-41.635 -20.402,-41.635 -20.402,-41.635 -20.402,-41.635 -20.402,-41.636 -20.402,-41.636 -20.402,-41.636 -20.402,-41.636 -20.402,-41.637 -20.402,-41.637 -20.402,-41.637 -20.402,-41.637 -20.402,-41.637 -20.402,-41.637 -20.403,-41.637 -20.403,-41.637 -20.403,-41.637 -20.403,-41.638 -20.403,-41.638 -20.403,-41.638 -20.403,-41.638 -20.404,-41.638 -20.404,-41.638 -20.404,-41.639 -20.405,-41.639 -20.405,-41.639 -20.406,-41.64 -20.407,-41.64 -20.407,-41.641 -20.407,-41.641 -20.407,-41.641 -20.407,-41.641 -20.407,-41.642 -20.407,-41.642 -20.407,-41.642 -20.407,-41.642 -20.406,-41.643 -20.405,-41.643 -20.405,-41.644 -20.405,-41.644 -20.405,-41.645 -20.405,-41.645 -20.405,-41.646 -20.405,-41.646 -20.405,-41.648 -20.404,-41.647 -20.404,-41.647 -20.403,-41.648 -20.403,-41.648 -20.402,-41.648 -20.402,-41.648 -20.402,-41.649 -20.402,-41.649 -20.401,-41.649 -20.401,-41.65 -20.401,-41.65 -20.401,-41.65 -20.399,-41.651 -20.398,-41.651 -20.398,-41.651 -20.397,-41.651 -20.397,-41.651 -20.397,-41.651 -20.396,-41.651 -20.396,-41.651 -20.396,-41.651 -20.395,-41.651 -20.395,-41.651 -20.395,-41.651 -20.394,-41.651 -20.394,-41.651 -20.394,-41.651 -20.393,-41.651 -20.393,-41.651 -20.393,-41.651 -20.392,-41.651 -20.392,-41.651 -20.392,-41.65 -20.392,-41.65 -20.391,-41.65 -20.391,-41.65 -20.39,-41.65 -20.39,-41.65 -20.39,-41.65 -20.39,-41.649 -20.389,-41.649 -20.389,-41.649 -20.389,-41.649 -20.388,-41.649 -20.388,-41.649 -20.388,-41.649 -20.388,-41.649 -20.387,-41.649 -20.387,-41.649 -20.387,-41.65 -20.387,-41.65 -20.387,-41.65 -20.387,-41.65 -20.387,-41.651 -20.387,-41.651 -20.387,-41.651 -20.386,-41.651 -20.386,-41.652 -20.386,-41.652 -20.386,-41.652 -20.386,-41.652 -20.385,-41.652 -20.385,-41.653 -20.383,-41.653 -20.383,-41.653 -20.382,-41.654 -20.382,-41.654 -20.382,-41.654 -20.382,-41.654 -20.382,-41.654 -20.381,-41.655 -20.381,-41.655 -20.381,-41.655 -20.381,-41.656 -20.381,-41.656 -20.381,-41.656 -20.381,-41.656 -20.38,-41.657 -20.38,-41.657 -20.38,-41.657 -20.381,-41.657 -20.381,-41.658 -20.381,-41.658 -20.381,-41.658 -20.381,-41.658 -20.381,-41.659 -20.381,-41.659 -20.381,-41.66 -20.381,-41.66 -20.383,-41.661 -20.383,-41.661 -20.385,-41.659 -20.385,-41.66 -20.386,-41.66 -20.386,-41.66 -20.386,-41.66 -20.386,-41.66 -20.387,-41.66 -20.387,-41.66 -20.387,-41.66 -20.387,-41.66 -20.388,-41.66 -20.388,-41.66 -20.388,-41.66 -20.388,-41.66 -20.388,-41.66 -20.389,-41.659 -20.389,-41.659 -20.389,-41.659 -20.389,-41.659 -20.389,-41.659 -20.389,-41.659 -20.389,-41.659 -20.389,-41.659 -20.39,-41.659 -20.39,-41.658 -20.39,-41.658 -20.391,-41.659 -20.391,-41.659 -20.391,-41.659 -20.391,-41.659 -20.392,-41.659 -20.392,-41.661 -20.392,-41.661 -20.392,-41.662 -20.393,-41.663 -20.393,-41.663 -20.394,-41.663 -20.394,-41.663 -20.395,-41.663 -20.395,-41.662 -20.396,-41.662 -20.396,-41.662 -20.396,-41.663 -20.396,-41.664 -20.396,-41.667 -20.396,-41.667 -20.396,-41.667 -20.396,-41.668 -20.395,-41.669 -20.395,-41.669 -20.395,-41.67 -20.395,-41.67 -20.395,-41.67 -20.395,-41.671 -20.395,-41.671 -20.396,-41.671 -20.396,-41.671 -20.397,-41.672 -20.398,-41.672 -20.398,-41.672 -20.398,-41.672 -20.399,-41.671 -20.399,-41.671 -20.399,-41.671 -20.4,-41.671 -20.4,-41.672 -20.4,-41.672 -20.401,-41.673 -20.401,-41.673 -20.402,-41.673 -20.402,-41.674 -20.403,-41.674 -20.403,-41.674 -20.403,-41.673 -20.403,-41.673 -20.404,-41.673 -20.404,-41.673 -20.405,-41.672 -20.405,-41.672 -20.406,-41.672 -20.406,-41.672 -20.406,-41.673 -20.406,-41.673 -20.406,-41.674 -20.407,-41.674 -20.408,-41.675 -20.408,-41.675 -20.408,-41.675 -20.409,-41.675 -20.409,-41.675 -20.409,-41.675 -20.41,-41.674 -20.41,-41.674 -20.411,-41.674 -20.411,-41.673 -20.412,-41.673 -20.412,-41.673 -20.412,-41.673 -20.413,-41.673 -20.413,-41.674 -20.414,-41.674 -20.414,-41.675 -20.414,-41.675 -20.415,-41.675 -20.415,-41.676 -20.415,-41.676 -20.415,-41.676 -20.415,-41.677 -20.415,-41.677 -20.415,-41.678 -20.416,-41.678 -20.416,-41.679 -20.416,-41.679 -20.416,-41.679 -20.417,-41.678 -20.417,-41.678 -20.417,-41.678 -20.418,-41.678 -20.418,-41.677 -20.418,-41.678 -20.419,-41.678 -20.419,-41.678 -20.419,-41.679 -20.42,-41.679 -20.42,-41.679 -20.42,-41.679 -20.421,-41.679 -20.421,-41.68 -20.42,-41.68 -20.42,-41.68 -20.42,-41.681 -20.42,-41.681 -20.42,-41.682 -20.421,-41.682 -20.421,-41.683 -20.421,-41.683 -20.421,-41.683 -20.421,-41.683 -20.421,-41.684 -20.421,-41.684 -20.422,-41.685 -20.422,-41.685 -20.421,-41.685 -20.421,-41.685 -20.421,-41.685 -20.42,-41.685 -20.42,-41.685 -20.42,-41.685 -20.42,-41.686 -20.42,-41.686 -20.42,-41.686 -20.42,-41.687 -20.42,-41.687 -20.419,-41.687 -20.419,-41.688 -20.418,-41.688 -20.418,-41.688 -20.417,-41.688 -20.417,-41.688 -20.417,-41.688 -20.416,-41.688 -20.416,-41.688 -20.416,-41.688 -20.416,-41.689 -20.416,-41.689 -20.416,-41.69 -20.416,-41.69 -20.416,-41.69 -20.416,-41.691 -20.416,-41.691 -20.416,-41.692 -20.416,-41.692 -20.416,-41.693 -20.415,-41.693 -20.415,-41.694 -20.415,-41.695 -20.415,-41.695 -20.414,-41.696 -20.414,-41.697 -20.414,-41.697 -20.413,-41.697 -20.413,-41.698 -20.413,-41.698 -20.413,-41.698 -20.413,-41.698 -20.412,-41.698 -20.412,-41.698 -20.412,-41.7 -20.412,-41.7 -20.412,-41.7 -20.412,-41.7 -20.412,-41.701 -20.412,-41.701 -20.412,-41.701 -20.413,-41.701 -20.413,-41.702 -20.413,-41.702 -20.413,-41.702 -20.413,-41.703 -20.413,-41.703 -20.413,-41.703 -20.413,-41.704 -20.413,-41.704 -20.412,-41.704 -20.412,-41.705 -20.412,-41.705 -20.412,-41.705 -20.411,-41.705 -20.411,-41.706 -20.411,-41.706 -20.411,-41.706 -20.411,-41.706 -20.41,-41.706 -20.41,-41.707 -20.41,-41.707 -20.41,-41.707 -20.41,-41.707 -20.409,-41.707 -20.409,-41.707 -20.409,-41.707 -20.409,-41.707 -20.409,-41.707 -20.408,-41.707 -20.408,-41.708 -20.408,-41.708 -20.408,-41.708 -20.408,-41.708 -20.408,-41.708 -20.407,-41.709 -20.407,-41.709 -20.407,-41.709 -20.407,-41.709 -20.407,-41.71 -20.406,-41.71 -20.406,-41.711 -20.406,-41.711 -20.405,-41.711 -20.405,-41.712 -20.404,-41.712 -20.404,-41.712 -20.404,-41.712 -20.403,-41.713 -20.403,-41.713 -20.403,-41.713 -20.402,-41.714 -20.402,-41.714 -20.401,-41.714 -20.401,-41.714 -20.4,-41.714 -20.4,-41.715 -20.399,-41.715 -20.399,-41.715 -20.398,-41.715 -20.398,-41.716 -20.397,-41.716 -20.397,-41.716 -20.396,-41.716 -20.397,-41.717 -20.397,-41.717 -20.396,-41.718 -20.396,-41.718 -20.396,-41.719 -20.395,-41.719 -20.395,-41.72 -20.394,-41.72 -20.394,-41.72 -20.394,-41.721 -20.394,-41.721 -20.394,-41.722 -20.394,-41.722 -20.394,-41.723 -20.394,-41.723 -20.394,-41.723 -20.394,-41.724 -20.393,-41.724 -20.393,-41.724 -20.393,-41.725 -20.393,-41.725 -20.393,-41.726 -20.393,-41.726 -20.393,-41.727 -20.392,-41.728 -20.391,-41.728 -20.391,-41.728 -20.391,-41.728 -20.39,-41.729 -20.39,-41.729 -20.39,-41.73 -20.39,-41.73 -20.389,-41.73 -20.389,-41.73 -20.389,-41.73 -20.389,-41.73 -20.389,-41.73 -20.388,-41.731 -20.387,-41.731 -20.387,-41.731 -20.387,-41.731 -20.386,-41.731 -20.386,-41.731 -20.386,-41.731 -20.385,-41.732 -20.385,-41.732 -20.385,-41.732 -20.385,-41.733 -20.385,-41.733 -20.385,-41.733 -20.385,-41.734 -20.384,-41.734 -20.384,-41.735 -20.384,-41.735 -20.383,-41.735 -20.383,-41.736 -20.383,-41.736 -20.383,-41.736 -20.382,-41.737 -20.382,-41.737 -20.382,-41.737 -20.381,-41.738 -20.381,-41.739 -20.381,-41.739 -20.381,-41.739 -20.381,-41.74 -20.382,-41.74 -20.382,-41.741 -20.382,-41.742 -20.382,-41.743 -20.382,-41.744 -20.382,-41.745 -20.382,-41.746 -20.382,-41.746 -20.382,-41.747 -20.382,-41.748 -20.381,-41.748 -20.381,-41.749 -20.381,-41.75 -20.381,-41.751 -20.381,-41.751 -20.38,-41.752 -20.38,-41.753 -20.38,-41.754 -20.38,-41.755 -20.379,-41.756 -20.379,-41.756 -20.379,-41.757 -20.379,-41.758 -20.378,-41.759 -20.377,-41.76 -20.377,-41.761 -20.377,-41.761 -20.376,-41.761 -20.376,-41.762 -20.376,-41.762 -20.376,-41.763 -20.375,-41.763 -20.375,-41.764 -20.375,-41.764 -20.374,-41.765 -20.374,-41.765 -20.374,-41.766 -20.373,-41.767 -20.372,-41.768 -20.372,-41.769 -20.372,-41.769 -20.372,-41.769 -20.372,-41.77 -20.373,-41.77 -20.373,-41.771 -20.373,-41.771 -20.373,-41.772",
        "polygon_points": 1844,
        "has_geocode": true,
        "uf_hint": "ES",
        "region": "SE",
        "municipio_id": "3201803",
        "municipio_nome": "Divino de São Lourenço",
        "municipio_slug": "divino-de-sao-lourenco",
        "municipio_area_km2": null,
        "microrregiao_nome": "",
        "mesorregiao_nome": "",
        "regiao_imediata_nome": "",
        "regiao_intermediaria_nome": "",
        "affected_municipios": [
          {
            "municipio_id": "3201803",
            "municipio_nome": "Divino de São Lourenço",
            "municipio_slug": "divino-de-sao-lourenco",
            "municipio_area_km2": null,
            "microrregiao_nome": "",
            "mesorregiao_nome": "",
            "regiao_imediata_nome": "",
            "regiao_intermediaria_nome": ""
          },
          {
            "municipio_id": "3202009",
            "municipio_nome": "Dores do Rio Preto",
            "municipio_slug": "dores-do-rio-preto",
            "municipio_area_km2": null,
            "microrregiao_nome": "",
            "mesorregiao_nome": "",
            "regiao_imediata_nome": "",
            "regiao_intermediaria_nome": ""
          },
          {
            "municipio_id": "3202553",
            "municipio_nome": "Ibitirama",
            "municipio_slug": "ibitirama",
            "municipio_area_km2": null,
            "microrregiao_nome": "",
            "mesorregiao_nome": "",
            "regiao_imediata_nome": "",
            "regiao_intermediaria_nome": ""
          }
        ],
        "geocode_values": [
          {
            "valueName": "IBGE",
            "value": "3201803"
          },
          {
            "valueName": "IBGE",
            "value": "3202009"
          },
          {
            "valueName": "IBGE",
            "value": "3202553"
          }
        ],
        "color": "#ffd92f",
        "sent_label": "14/08/2026 16:03",
        "onset_label": "14/08/2026 16:03",
        "expires_label": "14/08/2026 19:00"
      },
      "geometry": {
        "type": "MultiPolygon",
        "coordinates": [
          [
            [
              [
                -41.653,
                -20.652
              ],
              [
                -41.653,
                -20.651
              ],
              [
                -41.652,
                -20.651
              ],
              [
                -41.652,
                -20.652
              ],
              [
                -41.653,
                -20.652
              ]
            ]
          ],
          [
            [
              [
                -41.861,
                -20.73
              ],
              [
                -41.86,
                -20.729
              ],
              [
                -41.862,
                -20.729
              ],
              [
                -41.864,
                -20.725
              ],
              [
                -41.864,
                -20.724
              ],
              [
                -41.865,
                -20.722
              ],
              [
                -41.861,
                -20.722
              ],
              [
                -41.86,
                -20.72
              ],
              [
                -41.858,
                -20.718
              ],
              [
                -41.858,
                -20.714
              ],
              [
                -41.856,
                -20.714
              ],
              [
                -41.857,
                -20.713
              ],
              [
                -41.858,
                -20.712
              ],
              [
                -41.861,
                -20.712
              ],
              [
                -41.862,
                -20.712
              ],
              [
                -41.862,
                -20.711
              ],
              [
                -41.863,
                -20.71
              ],
              [
                -41.861,
                -20.706
              ],
              [
                -41.859,
                -20.707
              ],
              [
                -41.857,
                -20.707
              ],
              [
                -41.856,
                -20.706
              ],
              [
                -41.855,
                -20.706
              ],
              [
                -41.855,
                -20.705
              ],
              [
                -41.854,
                -20.705
              ],
              [
                -41.854,
                -20.704
              ],
              [
                -41.853,
                -20.702
              ],
              [
                -41.853,
                -20.699
              ],
              [
                -41.852,
                -20.698
              ],
              [
                -41.851,
                -20.697
              ],
              [
                -41.851,
                -20.696
              ],
              [
                -41.851,
                -20.695
              ],
              [
                -41.85,
                -20.695
              ],
              [
                -41.85,
                -20.694
              ],
              [
                -41.85,
                -20.693
              ],
              [
                -41.85,
                -20.692
              ],
              [
                -41.85,
                -20.691
              ],
              [
                -41.85,
                -20.69
              ],
              [
                -41.849,
                -20.689
              ],
              [
                -41.849,
                -20.688
              ],
              [
                -41.848,
                -20.687
              ],
              [
                -41.848,
                -20.686
              ],
              [
                -41.847,
                -20.686
              ],
              [
                -41.846,
                -20.686
              ],
              [
                -41.845,
                -20.686
              ],
              [
                -41.845,
                -20.685
              ],
              [
                -41.844,
                -20.685
              ],
              [
                -41.843,
                -20.685
              ],
              [
                -41.843,
                -20.684
              ],
              [
                -41.842,
                -20.683
              ],
              [
                -41.841,
                -20.683
              ],
              [
                -41.84,
                -20.683
              ],
              [
                -41.839,
                -20.683
              ],
              [
                -41.839,
                -20.682
              ],
              [
                -41.838,
                -20.681
              ],
              [
                -41.838,
                -20.68
              ],
              [
                -41.838,
                -20.679
              ],
              [
                -41.837,
                -20.678
              ],
              [
                -41.837,
                -20.677
              ],
              [
                -41.836,
                -20.677
              ],
              [
                -41.836,
                -20.676
              ],
              [
                -41.835,
                -20.674
              ],
              [
                -41.834,
                -20.673
              ],
              [
                -41.834,
                -20.672
              ],
              [
                -41.833,
                -20.672
              ],
              [
                -41.833,
                -20.67
              ],
              [
                -41.831,
                -20.67
              ],
              [
                -41.831,
                -20.668
              ],
              [
                -41.829,
                -20.667
              ],
              [
                -41.828,
                -20.667
              ],
              [
                -41.827,
                -20.667
              ],
              [
                -41.826,
                -20.665
              ],
              [
                -41.825,
                -20.664
              ],
              [
                -41.824,
                -20.663
              ],
              [
                -41.824,
                -20.661
              ],
              [
                -41.823,
                -20.661
              ],
              [
                -41.823,
                -20.66
              ],
              [
                -41.824,
                -20.659
              ],
              [
                -41.825,
                -20.659
              ],
              [
                -41.827,
                -20.659
              ],
              [
                -41.828,
                -20.658
              ],
              [
                -41.827,
                -20.657
              ],
              [
                -41.828,
                -20.657
              ],
              [
                -41.827,
                -20.656
              ],
              [
                -41.825,
                -20.655
              ],
              [
                -41.822,
                -20.656
              ],
              [
                -41.821,
                -20.656
              ],
              [
                -41.82,
                -20.657
              ],
              [
                -41.819,
                -20.657
              ],
              [
                -41.818,
                -20.657
              ],
              [
                -41.817,
                -20.655
              ],
              [
                -41.815,
                -20.654
              ],
              [
                -41.813,
                -20.653
              ],
              [
                -41.813,
                -20.651
              ],
              [
                -41.814,
                -20.651
              ],
              [
                -41.815,
                -20.65
              ],
              [
                -41.815,
                -20.649
              ],
              [
                -41.816,
                -20.647
              ],
              [
                -41.815,
                -20.646
              ],
              [
                -41.814,
                -20.645
              ],
              [
                -41.814,
                -20.644
              ],
              [
                -41.811,
                -20.643
              ],
              [
                -41.81,
                -20.644
              ],
              [
                -41.808,
                -20.644
              ],
              [
                -41.807,
                -20.643
              ],
              [
                -41.808,
                -20.641
              ],
              [
                -41.809,
                -20.64
              ],
              [
                -41.81,
                -20.64
              ],
              [
                -41.811,
                -20.639
              ],
              [
                -41.811,
                -20.638
              ],
              [
                -41.813,
                -20.639
              ],
              [
                -41.814,
                -20.64
              ],
              [
                -41.821,
                -20.637
              ],
              [
                -41.821,
                -20.636
              ],
              [
                -41.819,
                -20.634
              ],
              [
                -41.819,
                -20.633
              ],
              [
                -41.819,
                -20.631
              ],
              [
                -41.82,
                -20.627
              ],
              [
                -41.819,
                -20.626
              ],
              [
                -41.817,
                -20.625
              ],
              [
                -41.817,
                -20.624
              ],
              [
                -41.819,
                -20.623
              ],
              [
                -41.82,
                -20.622
              ],
              [
                -41.823,
                -20.624
              ],
              [
                -41.825,
                -20.624
              ],
              [
                -41.829,
                -20.624
              ],
              [
                -41.831,
                -20.625
              ],
              [
                -41.839,
                -20.624
              ],
              [
                -41.842,
                -20.623
              ],
              [
                -41.845,
                -20.623
              ],
              [
                -41.848,
                -20.622
              ],
              [
                -41.85,
                -20.621
              ],
              [
                -41.852,
                -20.62
              ],
              [
                -41.854,
                -20.619
              ],
              [
                -41.854,
                -20.618
              ],
              [
                -41.855,
                -20.618
              ],
              [
                -41.856,
                -20.617
              ],
              [
                -41.856,
                -20.615
              ],
              [
                -41.856,
                -20.614
              ],
              [
                -41.854,
                -20.612
              ],
              [
                -41.854,
                -20.609
              ],
              [
                -41.853,
                -20.607
              ],
              [
                -41.85,
                -20.607
              ],
              [
                -41.846,
                -20.606
              ],
              [
                -41.845,
                -20.606
              ],
              [
                -41.844,
                -20.605
              ],
              [
                -41.844,
                -20.604
              ],
              [
                -41.843,
                -20.601
              ],
              [
                -41.841,
                -20.6
              ],
              [
                -41.84,
                -20.597
              ],
              [
                -41.84,
                -20.594
              ],
              [
                -41.84,
                -20.593
              ],
              [
                -41.839,
                -20.589
              ],
              [
                -41.84,
                -20.587
              ],
              [
                -41.84,
                -20.586
              ],
              [
                -41.839,
                -20.583
              ],
              [
                -41.838,
                -20.581
              ],
              [
                -41.837,
                -20.581
              ],
              [
                -41.837,
                -20.58
              ],
              [
                -41.837,
                -20.578
              ],
              [
                -41.836,
                -20.577
              ],
              [
                -41.836,
                -20.575
              ],
              [
                -41.836,
                -20.574
              ],
              [
                -41.835,
                -20.57
              ],
              [
                -41.834,
                -20.569
              ],
              [
                -41.834,
                -20.568
              ],
              [
                -41.833,
                -20.568
              ],
              [
                -41.833,
                -20.567
              ],
              [
                -41.831,
                -20.566
              ],
              [
                -41.83,
                -20.566
              ],
              [
                -41.829,
                -20.562
              ],
              [
                -41.829,
                -20.561
              ],
              [
                -41.829,
                -20.56
              ],
              [
                -41.828,
                -20.558
              ],
              [
                -41.828,
                -20.557
              ],
              [
                -41.827,
                -20.556
              ],
              [
                -41.826,
                -20.555
              ],
              [
                -41.823,
                -20.553
              ],
              [
                -41.821,
                -20.553
              ],
              [
                -41.82,
                -20.553
              ],
              [
                -41.82,
                -20.554
              ],
              [
                -41.819,
                -20.554
              ],
              [
                -41.819,
                -20.553
              ],
              [
                -41.819,
                -20.552
              ],
              [
                -41.818,
                -20.552
              ],
              [
                -41.818,
                -20.553
              ],
              [
                -41.817,
                -20.553
              ],
              [
                -41.817,
                -20.552
              ],
              [
                -41.816,
                -20.552
              ],
              [
                -41.816,
                -20.551
              ],
              [
                -41.815,
                -20.551
              ],
              [
                -41.814,
                -20.551
              ],
              [
                -41.814,
                -20.55
              ],
              [
                -41.813,
                -20.55
              ],
              [
                -41.812,
                -20.55
              ],
              [
                -41.812,
                -20.549
              ],
              [
                -41.811,
                -20.549
              ],
              [
                -41.811,
                -20.55
              ],
              [
                -41.81,
                -20.55
              ],
              [
                -41.809,
                -20.55
              ],
              [
                -41.808,
                -20.55
              ],
              [
                -41.807,
                -20.549
              ],
              [
                -41.807,
                -20.546
              ],
              [
                -41.806,
                -20.546
              ],
              [
                -41.804,
                -20.544
              ],
              [
                -41.804,
                -20.543
              ],
              [
                -41.804,
                -20.542
              ],
              [
                -41.804,
                -20.538
              ],
              [
                -41.806,
                -20.535
              ],
              [
                -41.806,
                -20.534
              ],
              [
                -41.806,
                -20.533
              ],
              [
                -41.808,
                -20.532
              ],
              [
                -41.808,
                -20.531
              ],
              [
                -41.808,
                -20.53
              ],
              [
                -41.808,
                -20.529
              ],
              [
                -41.808,
                -20.527
              ],
              [
                -41.809,
                -20.526
              ],
              [
                -41.81,
                -20.525
              ],
              [
                -41.81,
                -20.522
              ],
              [
                -41.812,
                -20.519
              ],
              [
                -41.811,
                -20.516
              ],
              [
                -41.812,
                -20.516
              ],
              [
                -41.812,
                -20.515
              ],
              [
                -41.812,
                -20.514
              ],
              [
                -41.813,
                -20.514
              ],
              [
                -41.813,
                -20.513
              ],
              [
                -41.813,
                -20.512
              ],
              [
                -41.814,
                -20.512
              ],
              [
                -41.814,
                -20.511
              ],
              [
                -41.814,
                -20.51
              ],
              [
                -41.814,
                -20.509
              ],
              [
                -41.815,
                -20.509
              ],
              [
                -41.815,
                -20.508
              ],
              [
                -41.815,
                -20.507
              ],
              [
                -41.816,
                -20.506
              ],
              [
                -41.816,
                -20.505
              ],
              [
                -41.817,
                -20.505
              ],
              [
                -41.817,
                -20.504
              ],
              [
                -41.818,
                -20.504
              ],
              [
                -41.818,
                -20.503
              ],
              [
                -41.819,
                -20.503
              ],
              [
                -41.818,
                -20.502
              ],
              [
                -41.818,
                -20.501
              ],
              [
                -41.818,
                -20.5
              ],
              [
                -41.819,
                -20.498
              ],
              [
                -41.819,
                -20.497
              ],
              [
                -41.82,
                -20.496
              ],
              [
                -41.821,
                -20.494
              ],
              [
                -41.822,
                -20.492
              ],
              [
                -41.822,
                -20.491
              ],
              [
                -41.823,
                -20.49
              ],
              [
                -41.822,
                -20.49
              ],
              [
                -41.822,
                -20.489
              ],
              [
                -41.823,
                -20.488
              ],
              [
                -41.823,
                -20.487
              ],
              [
                -41.824,
                -20.486
              ],
              [
                -41.825,
                -20.485
              ],
              [
                -41.825,
                -20.484
              ],
              [
                -41.825,
                -20.483
              ],
              [
                -41.823,
                -20.482
              ],
              [
                -41.82,
                -20.481
              ],
              [
                -41.813,
                -20.48
              ],
              [
                -41.812,
                -20.48
              ],
              [
                -41.81,
                -20.479
              ],
              [
                -41.809,
                -20.478
              ],
              [
                -41.808,
                -20.477
              ],
              [
                -41.805,
                -20.478
              ],
              [
                -41.801,
                -20.476
              ],
              [
                -41.799,
                -20.477
              ],
              [
                -41.799,
                -20.473
              ],
              [
                -41.8,
                -20.472
              ],
              [
                -41.801,
                -20.469
              ],
              [
                -41.801,
                -20.468
              ],
              [
                -41.799,
                -20.465
              ],
              [
                -41.799,
                -20.463
              ],
              [
                -41.801,
                -20.453
              ],
              [
                -41.801,
                -20.449
              ],
              [
                -41.802,
                -20.442
              ],
              [
                -41.802,
                -20.441
              ],
              [
                -41.799,
                -20.439
              ],
              [
                -41.799,
                -20.437
              ],
              [
                -41.798,
                -20.435
              ],
              [
                -41.798,
                -20.434
              ],
              [
                -41.801,
                -20.43
              ],
              [
                -41.803,
                -20.429
              ],
              [
                -41.803,
                -20.428
              ],
              [
                -41.802,
                -20.427
              ],
              [
                -41.803,
                -20.426
              ],
              [
                -41.802,
                -20.423
              ],
              [
                -41.803,
                -20.422
              ],
              [
                -41.803,
                -20.421
              ],
              [
                -41.804,
                -20.419
              ],
              [
                -41.804,
                -20.417
              ],
              [
                -41.803,
                -20.416
              ],
              [
                -41.803,
                -20.415
              ],
              [
                -41.802,
                -20.414
              ],
              [
                -41.802,
                -20.413
              ],
              [
                -41.801,
                -20.412
              ],
              [
                -41.8,
                -20.411
              ],
              [
                -41.799,
                -20.411
              ],
              [
                -41.798,
                -20.41
              ],
              [
                -41.798,
                -20.409
              ],
              [
                -41.797,
                -20.409
              ],
              [
                -41.797,
                -20.408
              ],
              [
                -41.796,
                -20.408
              ],
              [
                -41.795,
                -20.407
              ],
              [
                -41.795,
                -20.405
              ],
              [
                -41.795,
                -20.404
              ],
              [
                -41.795,
                -20.402
              ],
              [
                -41.794,
                -20.4
              ],
              [
                -41.794,
                -20.399
              ],
              [
                -41.793,
                -20.399
              ],
              [
                -41.792,
                -20.398
              ],
              [
                -41.792,
                -20.397
              ],
              [
                -41.791,
                -20.397
              ],
              [
                -41.791,
                -20.396
              ],
              [
                -41.791,
                -20.395
              ],
              [
                -41.791,
                -20.394
              ],
              [
                -41.792,
                -20.392
              ],
              [
                -41.792,
                -20.391
              ],
              [
                -41.792,
                -20.39
              ],
              [
                -41.791,
                -20.39
              ],
              [
                -41.791,
                -20.389
              ],
              [
                -41.79,
                -20.389
              ],
              [
                -41.79,
                -20.388
              ],
              [
                -41.789,
                -20.388
              ],
              [
                -41.789,
                -20.387
              ],
              [
                -41.789,
                -20.386
              ],
              [
                -41.788,
                -20.385
              ],
              [
                -41.788,
                -20.384
              ],
              [
                -41.788,
                -20.383
              ],
              [
                -41.789,
                -20.382
              ],
              [
                -41.79,
                -20.382
              ],
              [
                -41.79,
                -20.381
              ],
              [
                -41.791,
                -20.38
              ],
              [
                -41.792,
                -20.38
              ],
              [
                -41.792,
                -20.379
              ],
              [
                -41.793,
                -20.378
              ],
              [
                -41.793,
                -20.377
              ],
              [
                -41.793,
                -20.376
              ],
              [
                -41.792,
                -20.376
              ],
              [
                -41.792,
                -20.375
              ],
              [
                -41.792,
                -20.374
              ],
              [
                -41.791,
                -20.374
              ],
              [
                -41.79,
                -20.374
              ],
              [
                -41.789,
                -20.374
              ],
              [
                -41.788,
                -20.374
              ],
              [
                -41.787,
                -20.374
              ],
              [
                -41.786,
                -20.374
              ],
              [
                -41.785,
                -20.375
              ],
              [
                -41.784,
                -20.375
              ],
              [
                -41.783,
                -20.375
              ],
              [
                -41.782,
                -20.375
              ],
              [
                -41.781,
                -20.375
              ],
              [
                -41.78,
                -20.375
              ],
              [
                -41.779,
                -20.375
              ],
              [
                -41.778,
                -20.375
              ],
              [
                -41.777,
                -20.375
              ],
              [
                -41.777,
                -20.374
              ],
              [
                -41.776,
                -20.373
              ],
              [
                -41.775,
                -20.373
              ],
              [
                -41.775,
                -20.372
              ],
              [
                -41.774,
                -20.372
              ],
              [
                -41.773,
                -20.372
              ],
              [
                -41.772,
                -20.373
              ],
              [
                -41.771,
                -20.373
              ],
              [
                -41.77,
                -20.373
              ],
              [
                -41.77,
                -20.372
              ],
              [
                -41.769,
                -20.372
              ],
              [
                -41.768,
                -20.372
              ],
              [
                -41.767,
                -20.373
              ],
              [
                -41.766,
                -20.374
              ],
              [
                -41.765,
                -20.374
              ],
              [
                -41.764,
                -20.375
              ],
              [
                -41.763,
                -20.375
              ],
              [
                -41.763,
                -20.376
              ],
              [
                -41.762,
                -20.376
              ],
              [
                -41.761,
                -20.376
              ],
              [
                -41.761,
                -20.377
              ],
              [
                -41.76,
                -20.377
              ],
              [
                -41.759,
                -20.378
              ],
              [
                -41.758,
                -20.379
              ],
              [
                -41.757,
                -20.379
              ],
              [
                -41.756,
                -20.379
              ],
              [
                -41.755,
                -20.38
              ],
              [
                -41.754,
                -20.38
              ],
              [
                -41.753,
                -20.38
              ],
              [
                -41.752,
                -20.38
              ],
              [
                -41.751,
                -20.381
              ],
              [
                -41.75,
                -20.381
              ],
              [
                -41.749,
                -20.381
              ],
              [
                -41.748,
                -20.381
              ],
              [
                -41.748,
                -20.382
              ],
              [
                -41.747,
                -20.382
              ],
              [
                -41.746,
                -20.382
              ],
              [
                -41.745,
                -20.382
              ],
              [
                -41.744,
                -20.382
              ],
              [
                -41.743,
                -20.382
              ],
              [
                -41.742,
                -20.382
              ],
              [
                -41.741,
                -20.382
              ],
              [
                -41.74,
                -20.382
              ],
              [
                -41.74,
                -20.381
              ],
              [
                -41.739,
                -20.381
              ],
              [
                -41.738,
                -20.381
              ],
              [
                -41.737,
                -20.382
              ],
              [
                -41.736,
                -20.383
              ],
              [
                -41.735,
                -20.383
              ],
              [
                -41.735,
                -20.384
              ],
              [
                -41.734,
                -20.384
              ],
              [
                -41.734,
                -20.385
              ],
              [
                -41.733,
                -20.385
              ],
              [
                -41.732,
                -20.385
              ],
              [
                -41.731,
                -20.386
              ],
              [
                -41.731,
                -20.387
              ],
              [
                -41.731,
                -20.388
              ],
              [
                -41.73,
                -20.389
              ],
              [
                -41.73,
                -20.39
              ],
              [
                -41.729,
                -20.39
              ],
              [
                -41.728,
                -20.391
              ],
              [
                -41.728,
                -20.392
              ],
              [
                -41.727,
                -20.393
              ],
              [
                -41.726,
                -20.393
              ],
              [
                -41.725,
                -20.393
              ],
              [
                -41.724,
                -20.393
              ],
              [
                -41.724,
                -20.394
              ],
              [
                -41.723,
                -20.394
              ],
              [
                -41.722,
                -20.394
              ],
              [
                -41.721,
                -20.394
              ],
              [
                -41.72,
                -20.394
              ],
              [
                -41.72,
                -20.395
              ],
              [
                -41.719,
                -20.395
              ],
              [
                -41.719,
                -20.396
              ],
              [
                -41.718,
                -20.396
              ],
              [
                -41.717,
                -20.397
              ],
              [
                -41.716,
                -20.396
              ],
              [
                -41.716,
                -20.397
              ],
              [
                -41.716,
                -20.398
              ],
              [
                -41.715,
                -20.398
              ],
              [
                -41.715,
                -20.399
              ],
              [
                -41.715,
                -20.4
              ],
              [
                -41.714,
                -20.4
              ],
              [
                -41.714,
                -20.401
              ],
              [
                -41.714,
                -20.402
              ],
              [
                -41.713,
                -20.403
              ],
              [
                -41.712,
                -20.404
              ],
              [
                -41.712,
                -20.405
              ],
              [
                -41.711,
                -20.405
              ],
              [
                -41.711,
                -20.406
              ],
              [
                -41.71,
                -20.406
              ],
              [
                -41.71,
                -20.407
              ],
              [
                -41.709,
                -20.407
              ],
              [
                -41.708,
                -20.408
              ],
              [
                -41.707,
                -20.408
              ],
              [
                -41.707,
                -20.409
              ],
              [
                -41.707,
                -20.41
              ],
              [
                -41.706,
                -20.41
              ],
              [
                -41.706,
                -20.411
              ],
              [
                -41.705,
                -20.411
              ],
              [
                -41.705,
                -20.412
              ],
              [
                -41.704,
                -20.412
              ],
              [
                -41.704,
                -20.413
              ],
              [
                -41.703,
                -20.413
              ],
              [
                -41.702,
                -20.413
              ],
              [
                -41.701,
                -20.413
              ],
              [
                -41.701,
                -20.412
              ],
              [
                -41.7,
                -20.412
              ],
              [
                -41.698,
                -20.412
              ],
              [
                -41.698,
                -20.413
              ],
              [
                -41.697,
                -20.413
              ],
              [
                -41.697,
                -20.414
              ],
              [
                -41.696,
                -20.414
              ],
              [
                -41.695,
                -20.415
              ],
              [
                -41.694,
                -20.415
              ],
              [
                -41.693,
                -20.415
              ],
              [
                -41.693,
                -20.416
              ],
              [
                -41.692,
                -20.416
              ],
              [
                -41.691,
                -20.416
              ],
              [
                -41.69,
                -20.416
              ],
              [
                -41.689,
                -20.416
              ],
              [
                -41.688,
                -20.416
              ],
              [
                -41.688,
                -20.417
              ],
              [
                -41.688,
                -20.418
              ],
              [
                -41.688,
                -20.419
              ],
              [
                -41.687,
                -20.419
              ],
              [
                -41.687,
                -20.42
              ],
              [
                -41.686,
                -20.42
              ],
              [
                -41.685,
                -20.42
              ],
              [
                -41.685,
                -20.421
              ],
              [
                -41.685,
                -20.422
              ],
              [
                -41.684,
                -20.421
              ],
              [
                -41.683,
                -20.421
              ],
              [
                -41.682,
                -20.421
              ],
              [
                -41.682,
                -20.42
              ],
              [
                -41.681,
                -20.42
              ],
              [
                -41.68,
                -20.42
              ],
              [
                -41.68,
                -20.421
              ],
              [
                -41.679,
                -20.421
              ],
              [
                -41.679,
                -20.42
              ],
              [
                -41.679,
                -20.419
              ],
              [
                -41.678,
                -20.419
              ],
              [
                -41.678,
                -20.418
              ],
              [
                -41.678,
                -20.417
              ],
              [
                -41.679,
                -20.416
              ],
              [
                -41.678,
                -20.416
              ],
              [
                -41.678,
                -20.415
              ],
              [
                -41.677,
                -20.415
              ],
              [
                -41.676,
                -20.415
              ],
              [
                -41.675,
                -20.415
              ],
              [
                -41.675,
                -20.414
              ],
              [
                -41.674,
                -20.414
              ],
              [
                -41.674,
                -20.413
              ],
              [
                -41.673,
                -20.413
              ],
              [
                -41.673,
                -20.412
              ],
              [
                -41.673,
                -20.411
              ],
              [
                -41.674,
                -20.411
              ],
              [
                -41.674,
                -20.41
              ],
              [
                -41.675,
                -20.409
              ],
              [
                -41.675,
                -20.408
              ],
              [
                -41.674,
                -20.407
              ],
              [
                -41.674,
                -20.406
              ],
              [
                -41.673,
                -20.406
              ],
              [
                -41.672,
                -20.406
              ],
              [
                -41.672,
                -20.405
              ],
              [
                -41.673,
                -20.404
              ],
              [
                -41.673,
                -20.403
              ],
              [
                -41.674,
                -20.403
              ],
              [
                -41.674,
                -20.402
              ],
              [
                -41.673,
                -20.402
              ],
              [
                -41.673,
                -20.401
              ],
              [
                -41.672,
                -20.4
              ],
              [
                -41.671,
                -20.4
              ],
              [
                -41.671,
                -20.399
              ],
              [
                -41.672,
                -20.398
              ],
              [
                -41.672,
                -20.397
              ],
              [
                -41.671,
                -20.396
              ],
              [
                -41.671,
                -20.395
              ],
              [
                -41.67,
                -20.395
              ],
              [
                -41.669,
                -20.395
              ],
              [
                -41.668,
                -20.396
              ],
              [
                -41.667,
                -20.396
              ],
              [
                -41.664,
                -20.396
              ],
              [
                -41.663,
                -20.396
              ],
              [
                -41.662,
                -20.396
              ],
              [
                -41.662,
                -20.395
              ],
              [
                -41.663,
                -20.395
              ],
              [
                -41.663,
                -20.394
              ],
              [
                -41.663,
                -20.393
              ],
              [
                -41.662,
                -20.392
              ],
              [
                -41.661,
                -20.392
              ],
              [
                -41.659,
                -20.392
              ],
              [
                -41.659,
                -20.391
              ],
              [
                -41.658,
                -20.39
              ],
              [
                -41.659,
                -20.39
              ],
              [
                -41.659,
                -20.389
              ],
              [
                -41.66,
                -20.388
              ],
              [
                -41.66,
                -20.387
              ],
              [
                -41.66,
                -20.386
              ],
              [
                -41.66,
                -20.385
              ],
              [
                -41.659,
                -20.385
              ],
              [
                -41.661,
                -20.383
              ],
              [
                -41.66,
                -20.381
              ],
              [
                -41.659,
                -20.381
              ],
              [
                -41.658,
                -20.381
              ],
              [
                -41.657,
                -20.381
              ],
              [
                -41.657,
                -20.38
              ],
              [
                -41.656,
                -20.381
              ],
              [
                -41.655,
                -20.381
              ],
              [
                -41.654,
                -20.382
              ],
              [
                -41.653,
                -20.383
              ],
              [
                -41.653,
                -20.385
              ],
              [
                -41.652,
                -20.385
              ],
              [
                -41.652,
                -20.386
              ],
              [
                -41.651,
                -20.386
              ],
              [
                -41.651,
                -20.387
              ],
              [
                -41.65,
                -20.387
              ],
              [
                -41.649,
                -20.387
              ],
              [
                -41.649,
                -20.388
              ],
              [
                -41.649,
                -20.389
              ],
              [
                -41.649,
                -20.39
              ],
              [
                -41.65,
                -20.39
              ],
              [
                -41.65,
                -20.391
              ],
              [
                -41.65,
                -20.392
              ],
              [
                -41.651,
                -20.392
              ],
              [
                -41.651,
                -20.393
              ],
              [
                -41.651,
                -20.394
              ],
              [
                -41.651,
                -20.395
              ],
              [
                -41.651,
                -20.396
              ],
              [
                -41.651,
                -20.397
              ],
              [
                -41.651,
                -20.398
              ],
              [
                -41.651,
                -20.399
              ],
              [
                -41.65,
                -20.401
              ],
              [
                -41.649,
                -20.401
              ],
              [
                -41.649,
                -20.402
              ],
              [
                -41.648,
                -20.402
              ],
              [
                -41.648,
                -20.403
              ],
              [
                -41.647,
                -20.404
              ],
              [
                -41.648,
                -20.405
              ],
              [
                -41.646,
                -20.405
              ],
              [
                -41.645,
                -20.405
              ],
              [
                -41.644,
                -20.405
              ],
              [
                -41.643,
                -20.405
              ],
              [
                -41.643,
                -20.406
              ],
              [
                -41.642,
                -20.407
              ],
              [
                -41.641,
                -20.407
              ],
              [
                -41.64,
                -20.407
              ],
              [
                -41.64,
                -20.406
              ],
              [
                -41.639,
                -20.405
              ],
              [
                -41.639,
                -20.404
              ],
              [
                -41.638,
                -20.404
              ],
              [
                -41.638,
                -20.403
              ],
              [
                -41.637,
                -20.403
              ],
              [
                -41.637,
                -20.402
              ],
              [
                -41.636,
                -20.402
              ],
              [
                -41.635,
                -20.402
              ],
              [
                -41.635,
                -20.403
              ],
              [
                -41.634,
                -20.404
              ],
              [
                -41.633,
                -20.404
              ],
              [
                -41.633,
                -20.405
              ],
              [
                -41.633,
                -20.406
              ],
              [
                -41.634,
                -20.407
              ],
              [
                -41.634,
                -20.408
              ],
              [
                -41.633,
                -20.409
              ],
              [
                -41.632,
                -20.409
              ],
              [
                -41.632,
                -20.41
              ],
              [
                -41.631,
                -20.41
              ],
              [
                -41.631,
                -20.411
              ],
              [
                -41.631,
                -20.412
              ],
              [
                -41.631,
                -20.413
              ],
              [
                -41.632,
                -20.413
              ],
              [
                -41.633,
                -20.413
              ],
              [
                -41.634,
                -20.414
              ],
              [
                -41.635,
                -20.414
              ],
              [
                -41.635,
                -20.415
              ],
              [
                -41.636,
                -20.415
              ],
              [
                -41.636,
                -20.416
              ],
              [
                -41.637,
                -20.416
              ],
              [
                -41.636,
                -20.417
              ],
              [
                -41.637,
                -20.417
              ],
              [
                -41.637,
                -20.418
              ],
              [
                -41.638,
                -20.418
              ],
              [
                -41.638,
                -20.419
              ],
              [
                -41.638,
                -20.42
              ],
              [
                -41.638,
                -20.421
              ],
              [
                -41.639,
                -20.422
              ],
              [
                -41.639,
                -20.423
              ],
              [
                -41.64,
                -20.423
              ],
              [
                -41.641,
                -20.424
              ],
              [
                -41.641,
                -20.425
              ],
              [
                -41.641,
                -20.426
              ],
              [
                -41.642,
                -20.427
              ],
              [
                -41.642,
                -20.428
              ],
              [
                -41.641,
                -20.429
              ],
              [
                -41.642,
                -20.429
              ],
              [
                -41.642,
                -20.43
              ],
              [
                -41.642,
                -20.431
              ],
              [
                -41.642,
                -20.432
              ],
              [
                -41.641,
                -20.432
              ],
              [
                -41.641,
                -20.433
              ],
              [
                -41.641,
                -20.434
              ],
              [
                -41.641,
                -20.435
              ],
              [
                -41.64,
                -20.436
              ],
              [
                -41.64,
                -20.437
              ],
              [
                -41.639,
                -20.437
              ],
              [
                -41.639,
                -20.438
              ],
              [
                -41.638,
                -20.438
              ],
              [
                -41.638,
                -20.439
              ],
              [
                -41.637,
                -20.438
              ],
              [
                -41.636,
                -20.439
              ],
              [
                -41.635,
                -20.438
              ],
              [
                -41.635,
                -20.439
              ],
              [
                -41.634,
                -20.439
              ],
              [
                -41.634,
                -20.44
              ],
              [
                -41.633,
                -20.44
              ],
              [
                -41.633,
                -20.439
              ],
              [
                -41.632,
                -20.439
              ],
              [
                -41.631,
                -20.439
              ],
              [
                -41.631,
                -20.44
              ],
              [
                -41.63,
                -20.44
              ],
              [
                -41.629,
                -20.44
              ],
              [
                -41.629,
                -20.441
              ],
              [
                -41.629,
                -20.442
              ],
              [
                -41.628,
                -20.442
              ],
              [
                -41.627,
                -20.442
              ],
              [
                -41.626,
                -20.442
              ],
              [
                -41.625,
                -20.442
              ],
              [
                -41.624,
                -20.443
              ],
              [
                -41.623,
                -20.443
              ],
              [
                -41.622,
                -20.443
              ],
              [
                -41.622,
                -20.444
              ],
              [
                -41.622,
                -20.445
              ],
              [
                -41.622,
                -20.446
              ],
              [
                -41.622,
                -20.447
              ],
              [
                -41.622,
                -20.448
              ],
              [
                -41.622,
                -20.449
              ],
              [
                -41.622,
                -20.45
              ],
              [
                -41.623,
                -20.45
              ],
              [
                -41.623,
                -20.451
              ],
              [
                -41.624,
                -20.451
              ],
              [
                -41.625,
                -20.452
              ],
              [
                -41.625,
                -20.453
              ],
              [
                -41.626,
                -20.453
              ],
              [
                -41.627,
                -20.453
              ],
              [
                -41.627,
                -20.454
              ],
              [
                -41.628,
                -20.454
              ],
              [
                -41.629,
                -20.455
              ],
              [
                -41.63,
                -20.455
              ],
              [
                -41.631,
                -20.456
              ],
              [
                -41.631,
                -20.457
              ],
              [
                -41.632,
                -20.458
              ],
              [
                -41.632,
                -20.459
              ],
              [
                -41.632,
                -20.46
              ],
              [
                -41.631,
                -20.46
              ],
              [
                -41.631,
                -20.461
              ],
              [
                -41.63,
                -20.461
              ],
              [
                -41.629,
                -20.461
              ],
              [
                -41.628,
                -20.461
              ],
              [
                -41.627,
                -20.461
              ],
              [
                -41.626,
                -20.461
              ],
              [
                -41.625,
                -20.462
              ],
              [
                -41.624,
                -20.462
              ],
              [
                -41.623,
                -20.462
              ],
              [
                -41.622,
                -20.462
              ],
              [
                -41.622,
                -20.463
              ],
              [
                -41.621,
                -20.463
              ],
              [
                -41.62,
                -20.463
              ],
              [
                -41.62,
                -20.464
              ],
              [
                -41.619,
                -20.464
              ],
              [
                -41.618,
                -20.464
              ],
              [
                -41.619,
                -20.465
              ],
              [
                -41.619,
                -20.466
              ],
              [
                -41.62,
                -20.466
              ],
              [
                -41.62,
                -20.467
              ],
              [
                -41.62,
                -20.468
              ],
              [
                -41.62,
                -20.469
              ],
              [
                -41.619,
                -20.469
              ],
              [
                -41.619,
                -20.47
              ],
              [
                -41.618,
                -20.469
              ],
              [
                -41.618,
                -20.47
              ],
              [
                -41.617,
                -20.47
              ],
              [
                -41.617,
                -20.471
              ],
              [
                -41.617,
                -20.472
              ],
              [
                -41.616,
                -20.472
              ],
              [
                -41.616,
                -20.473
              ],
              [
                -41.616,
                -20.474
              ],
              [
                -41.615,
                -20.474
              ],
              [
                -41.615,
                -20.475
              ],
              [
                -41.613,
                -20.474
              ],
              [
                -41.613,
                -20.475
              ],
              [
                -41.612,
                -20.475
              ],
              [
                -41.611,
                -20.475
              ],
              [
                -41.61,
                -20.475
              ],
              [
                -41.609,
                -20.475
              ],
              [
                -41.608,
                -20.476
              ],
              [
                -41.608,
                -20.477
              ],
              [
                -41.607,
                -20.477
              ],
              [
                -41.607,
                -20.478
              ],
              [
                -41.606,
                -20.478
              ],
              [
                -41.606,
                -20.479
              ],
              [
                -41.605,
                -20.479
              ],
              [
                -41.604,
                -20.479
              ],
              [
                -41.603,
                -20.478
              ],
              [
                -41.602,
                -20.478
              ],
              [
                -41.602,
                -20.477
              ],
              [
                -41.601,
                -20.477
              ],
              [
                -41.6,
                -20.477
              ],
              [
                -41.6,
                -20.476
              ],
              [
                -41.599,
                -20.476
              ],
              [
                -41.598,
                -20.476
              ],
              [
                -41.598,
                -20.477
              ],
              [
                -41.597,
                -20.477
              ],
              [
                -41.597,
                -20.478
              ],
              [
                -41.596,
                -20.478
              ],
              [
                -41.596,
                -20.479
              ],
              [
                -41.595,
                -20.479
              ],
              [
                -41.595,
                -20.478
              ],
              [
                -41.594,
                -20.478
              ],
              [
                -41.594,
                -20.479
              ],
              [
                -41.594,
                -20.48
              ],
              [
                -41.593,
                -20.481
              ],
              [
                -41.593,
                -20.482
              ],
              [
                -41.593,
                -20.483
              ],
              [
                -41.593,
                -20.484
              ],
              [
                -41.593,
                -20.485
              ],
              [
                -41.592,
                -20.486
              ],
              [
                -41.593,
                -20.486
              ],
              [
                -41.593,
                -20.487
              ],
              [
                -41.593,
                -20.488
              ],
              [
                -41.594,
                -20.488
              ],
              [
                -41.594,
                -20.489
              ],
              [
                -41.594,
                -20.49
              ],
              [
                -41.594,
                -20.491
              ],
              [
                -41.594,
                -20.492
              ],
              [
                -41.594,
                -20.493
              ],
              [
                -41.595,
                -20.494
              ],
              [
                -41.595,
                -20.496
              ],
              [
                -41.595,
                -20.497
              ],
              [
                -41.596,
                -20.498
              ],
              [
                -41.597,
                -20.498
              ],
              [
                -41.597,
                -20.499
              ],
              [
                -41.597,
                -20.5
              ],
              [
                -41.597,
                -20.501
              ],
              [
                -41.597,
                -20.502
              ],
              [
                -41.596,
                -20.504
              ],
              [
                -41.597,
                -20.505
              ],
              [
                -41.597,
                -20.506
              ],
              [
                -41.598,
                -20.507
              ],
              [
                -41.598,
                -20.508
              ],
              [
                -41.598,
                -20.509
              ],
              [
                -41.599,
                -20.509
              ],
              [
                -41.6,
                -20.509
              ],
              [
                -41.6,
                -20.51
              ],
              [
                -41.6,
                -20.511
              ],
              [
                -41.601,
                -20.511
              ],
              [
                -41.601,
                -20.512
              ],
              [
                -41.602,
                -20.512
              ],
              [
                -41.602,
                -20.513
              ],
              [
                -41.603,
                -20.513
              ],
              [
                -41.603,
                -20.514
              ],
              [
                -41.603,
                -20.515
              ],
              [
                -41.602,
                -20.515
              ],
              [
                -41.602,
                -20.516
              ],
              [
                -41.603,
                -20.517
              ],
              [
                -41.603,
                -20.518
              ],
              [
                -41.604,
                -20.519
              ],
              [
                -41.603,
                -20.52
              ],
              [
                -41.603,
                -20.521
              ],
              [
                -41.604,
                -20.521
              ],
              [
                -41.604,
                -20.522
              ],
              [
                -41.604,
                -20.523
              ],
              [
                -41.604,
                -20.524
              ],
              [
                -41.604,
                -20.525
              ],
              [
                -41.603,
                -20.525
              ],
              [
                -41.603,
                -20.526
              ],
              [
                -41.603,
                -20.527
              ],
              [
                -41.602,
                -20.527
              ],
              [
                -41.602,
                -20.528
              ],
              [
                -41.602,
                -20.529
              ],
              [
                -41.602,
                -20.53
              ],
              [
                -41.602,
                -20.531
              ],
              [
                -41.603,
                -20.531
              ],
              [
                -41.603,
                -20.532
              ],
              [
                -41.604,
                -20.533
              ],
              [
                -41.604,
                -20.534
              ],
              [
                -41.604,
                -20.535
              ],
              [
                -41.604,
                -20.536
              ],
              [
                -41.603,
                -20.537
              ],
              [
                -41.602,
                -20.537
              ],
              [
                -41.602,
                -20.538
              ],
              [
                -41.601,
                -20.539
              ],
              [
                -41.6,
                -20.539
              ],
              [
                -41.6,
                -20.54
              ],
              [
                -41.6,
                -20.541
              ],
              [
                -41.6,
                -20.542
              ],
              [
                -41.6,
                -20.543
              ],
              [
                -41.601,
                -20.543
              ],
              [
                -41.601,
                -20.544
              ],
              [
                -41.601,
                -20.545
              ],
              [
                -41.602,
                -20.545
              ],
              [
                -41.602,
                -20.546
              ],
              [
                -41.602,
                -20.547
              ],
              [
                -41.602,
                -20.548
              ],
              [
                -41.602,
                -20.549
              ],
              [
                -41.603,
                -20.549
              ],
              [
                -41.604,
                -20.549
              ],
              [
                -41.604,
                -20.548
              ],
              [
                -41.605,
                -20.548
              ],
              [
                -41.605,
                -20.549
              ],
              [
                -41.606,
                -20.548
              ],
              [
                -41.607,
                -20.548
              ],
              [
                -41.607,
                -20.549
              ],
              [
                -41.608,
                -20.549
              ],
              [
                -41.608,
                -20.55
              ],
              [
                -41.609,
                -20.55
              ],
              [
                -41.609,
                -20.551
              ],
              [
                -41.609,
                -20.552
              ],
              [
                -41.609,
                -20.553
              ],
              [
                -41.608,
                -20.554
              ],
              [
                -41.608,
                -20.555
              ],
              [
                -41.608,
                -20.556
              ],
              [
                -41.609,
                -20.556
              ],
              [
                -41.609,
                -20.557
              ],
              [
                -41.61,
                -20.557
              ],
              [
                -41.611,
                -20.557
              ],
              [
                -41.612,
                -20.558
              ],
              [
                -41.613,
                -20.558
              ],
              [
                -41.613,
                -20.559
              ],
              [
                -41.614,
                -20.559
              ],
              [
                -41.614,
                -20.56
              ],
              [
                -41.615,
                -20.561
              ],
              [
                -41.615,
                -20.562
              ],
              [
                -41.615,
                -20.563
              ],
              [
                -41.616,
                -20.564
              ],
              [
                -41.617,
                -20.564
              ],
              [
                -41.617,
                -20.565
              ],
              [
                -41.618,
                -20.565
              ],
              [
                -41.619,
                -20.565
              ],
              [
                -41.62,
                -20.565
              ],
              [
                -41.621,
                -20.565
              ],
              [
                -41.621,
                -20.566
              ],
              [
                -41.622,
                -20.566
              ],
              [
                -41.622,
                -20.565
              ],
              [
                -41.623,
                -20.565
              ],
              [
                -41.623,
                -20.564
              ],
              [
                -41.624,
                -20.564
              ],
              [
                -41.625,
                -20.564
              ],
              [
                -41.626,
                -20.564
              ],
              [
                -41.626,
                -20.565
              ],
              [
                -41.627,
                -20.565
              ],
              [
                -41.628,
                -20.564
              ],
              [
                -41.629,
                -20.564
              ],
              [
                -41.629,
                -20.563
              ],
              [
                -41.63,
                -20.563
              ],
              [
                -41.631,
                -20.563
              ],
              [
                -41.632,
                -20.563
              ],
              [
                -41.632,
                -20.564
              ],
              [
                -41.633,
                -20.565
              ],
              [
                -41.633,
                -20.566
              ],
              [
                -41.633,
                -20.567
              ],
              [
                -41.633,
                -20.568
              ],
              [
                -41.634,
                -20.569
              ],
              [
                -41.634,
                -20.57
              ],
              [
                -41.635,
                -20.571
              ],
              [
                -41.636,
                -20.571
              ],
              [
                -41.637,
                -20.571
              ],
              [
                -41.638,
                -20.572
              ],
              [
                -41.639,
                -20.572
              ],
              [
                -41.639,
                -20.573
              ],
              [
                -41.639,
                -20.574
              ],
              [
                -41.638,
                -20.574
              ],
              [
                -41.637,
                -20.575
              ],
              [
                -41.636,
                -20.576
              ],
              [
                -41.636,
                -20.577
              ],
              [
                -41.636,
                -20.578
              ],
              [
                -41.635,
                -20.578
              ],
              [
                -41.635,
                -20.579
              ],
              [
                -41.634,
                -20.579
              ],
              [
                -41.634,
                -20.58
              ],
              [
                -41.634,
                -20.581
              ],
              [
                -41.634,
                -20.582
              ],
              [
                -41.634,
                -20.583
              ],
              [
                -41.634,
                -20.584
              ],
              [
                -41.634,
                -20.585
              ],
              [
                -41.635,
                -20.585
              ],
              [
                -41.635,
                -20.586
              ],
              [
                -41.636,
                -20.586
              ],
              [
                -41.637,
                -20.587
              ],
              [
                -41.638,
                -20.588
              ],
              [
                -41.637,
                -20.589
              ],
              [
                -41.636,
                -20.589
              ],
              [
                -41.635,
                -20.59
              ],
              [
                -41.635,
                -20.591
              ],
              [
                -41.634,
                -20.591
              ],
              [
                -41.633,
                -20.592
              ],
              [
                -41.633,
                -20.593
              ],
              [
                -41.632,
                -20.593
              ],
              [
                -41.632,
                -20.594
              ],
              [
                -41.631,
                -20.594
              ],
              [
                -41.63,
                -20.594
              ],
              [
                -41.63,
                -20.595
              ],
              [
                -41.629,
                -20.595
              ],
              [
                -41.628,
                -20.595
              ],
              [
                -41.628,
                -20.596
              ],
              [
                -41.628,
                -20.597
              ],
              [
                -41.627,
                -20.597
              ],
              [
                -41.626,
                -20.597
              ],
              [
                -41.625,
                -20.597
              ],
              [
                -41.625,
                -20.598
              ],
              [
                -41.624,
                -20.598
              ],
              [
                -41.623,
                -20.599
              ],
              [
                -41.623,
                -20.6
              ],
              [
                -41.623,
                -20.601
              ],
              [
                -41.622,
                -20.6
              ],
              [
                -41.621,
                -20.599
              ],
              [
                -41.621,
                -20.598
              ],
              [
                -41.62,
                -20.598
              ],
              [
                -41.619,
                -20.597
              ],
              [
                -41.618,
                -20.597
              ],
              [
                -41.617,
                -20.597
              ],
              [
                -41.617,
                -20.598
              ],
              [
                -41.618,
                -20.598
              ],
              [
                -41.618,
                -20.599
              ],
              [
                -41.618,
                -20.6
              ],
              [
                -41.619,
                -20.6
              ],
              [
                -41.619,
                -20.601
              ],
              [
                -41.619,
                -20.602
              ],
              [
                -41.62,
                -20.602
              ],
              [
                -41.621,
                -20.602
              ],
              [
                -41.621,
                -20.603
              ],
              [
                -41.622,
                -20.603
              ],
              [
                -41.622,
                -20.604
              ],
              [
                -41.623,
                -20.604
              ],
              [
                -41.623,
                -20.605
              ],
              [
                -41.623,
                -20.606
              ],
              [
                -41.623,
                -20.607
              ],
              [
                -41.624,
                -20.607
              ],
              [
                -41.624,
                -20.608
              ],
              [
                -41.624,
                -20.609
              ],
              [
                -41.623,
                -20.609
              ],
              [
                -41.623,
                -20.61
              ],
              [
                -41.623,
                -20.611
              ],
              [
                -41.624,
                -20.612
              ],
              [
                -41.624,
                -20.613
              ],
              [
                -41.623,
                -20.613
              ],
              [
                -41.622,
                -20.613
              ],
              [
                -41.621,
                -20.613
              ],
              [
                -41.621,
                -20.614
              ],
              [
                -41.62,
                -20.614
              ],
              [
                -41.619,
                -20.614
              ],
              [
                -41.619,
                -20.615
              ],
              [
                -41.619,
                -20.616
              ],
              [
                -41.62,
                -20.617
              ],
              [
                -41.621,
                -20.617
              ],
              [
                -41.622,
                -20.617
              ],
              [
                -41.623,
                -20.616
              ],
              [
                -41.624,
                -20.616
              ],
              [
                -41.624,
                -20.617
              ],
              [
                -41.624,
                -20.618
              ],
              [
                -41.625,
                -20.618
              ],
              [
                -41.625,
                -20.619
              ],
              [
                -41.626,
                -20.619
              ],
              [
                -41.626,
                -20.62
              ],
              [
                -41.626,
                -20.621
              ],
              [
                -41.625,
                -20.622
              ],
              [
                -41.624,
                -20.622
              ],
              [
                -41.623,
                -20.622
              ],
              [
                -41.623,
                -20.623
              ],
              [
                -41.623,
                -20.624
              ],
              [
                -41.622,
                -20.624
              ],
              [
                -41.622,
                -20.625
              ],
              [
                -41.621,
                -20.625
              ],
              [
                -41.621,
                -20.624
              ],
              [
                -41.62,
                -20.624
              ],
              [
                -41.619,
                -20.624
              ],
              [
                -41.619,
                -20.625
              ],
              [
                -41.618,
                -20.625
              ],
              [
                -41.618,
                -20.624
              ],
              [
                -41.617,
                -20.624
              ],
              [
                -41.617,
                -20.623
              ],
              [
                -41.617,
                -20.622
              ],
              [
                -41.617,
                -20.621
              ],
              [
                -41.616,
                -20.621
              ],
              [
                -41.615,
                -20.62
              ],
              [
                -41.615,
                -20.619
              ],
              [
                -41.614,
                -20.619
              ],
              [
                -41.613,
                -20.619
              ],
              [
                -41.613,
                -20.62
              ],
              [
                -41.613,
                -20.621
              ],
              [
                -41.612,
                -20.621
              ],
              [
                -41.611,
                -20.622
              ],
              [
                -41.61,
                -20.622
              ],
              [
                -41.609,
                -20.622
              ],
              [
                -41.609,
                -20.621
              ],
              [
                -41.608,
                -20.622
              ],
              [
                -41.607,
                -20.622
              ],
              [
                -41.606,
                -20.623
              ],
              [
                -41.606,
                -20.624
              ],
              [
                -41.607,
                -20.625
              ],
              [
                -41.607,
                -20.626
              ],
              [
                -41.606,
                -20.626
              ],
              [
                -41.606,
                -20.627
              ],
              [
                -41.605,
                -20.627
              ],
              [
                -41.605,
                -20.628
              ],
              [
                -41.605,
                -20.629
              ],
              [
                -41.605,
                -20.63
              ],
              [
                -41.604,
                -20.63
              ],
              [
                -41.605,
                -20.631
              ],
              [
                -41.606,
                -20.631
              ],
              [
                -41.607,
                -20.631
              ],
              [
                -41.607,
                -20.632
              ],
              [
                -41.608,
                -20.631
              ],
              [
                -41.609,
                -20.631
              ],
              [
                -41.61,
                -20.631
              ],
              [
                -41.611,
                -20.631
              ],
              [
                -41.611,
                -20.632
              ],
              [
                -41.611,
                -20.633
              ],
              [
                -41.61,
                -20.633
              ],
              [
                -41.61,
                -20.634
              ],
              [
                -41.611,
                -20.634
              ],
              [
                -41.612,
                -20.634
              ],
              [
                -41.612,
                -20.635
              ],
              [
                -41.611,
                -20.635
              ],
              [
                -41.611,
                -20.636
              ],
              [
                -41.611,
                -20.637
              ],
              [
                -41.611,
                -20.638
              ],
              [
                -41.61,
                -20.639
              ],
              [
                -41.611,
                -20.639
              ],
              [
                -41.61,
                -20.64
              ],
              [
                -41.609,
                -20.64
              ],
              [
                -41.609,
                -20.641
              ],
              [
                -41.609,
                -20.642
              ],
              [
                -41.61,
                -20.642
              ],
              [
                -41.61,
                -20.643
              ],
              [
                -41.61,
                -20.644
              ],
              [
                -41.61,
                -20.645
              ],
              [
                -41.609,
                -20.646
              ],
              [
                -41.608,
                -20.646
              ],
              [
                -41.608,
                -20.647
              ],
              [
                -41.607,
                -20.647
              ],
              [
                -41.607,
                -20.648
              ],
              [
                -41.606,
                -20.648
              ],
              [
                -41.606,
                -20.649
              ],
              [
                -41.605,
                -20.65
              ],
              [
                -41.605,
                -20.651
              ],
              [
                -41.604,
                -20.651
              ],
              [
                -41.604,
                -20.652
              ],
              [
                -41.603,
                -20.651
              ],
              [
                -41.602,
                -20.651
              ],
              [
                -41.602,
                -20.652
              ],
              [
                -41.601,
                -20.652
              ],
              [
                -41.6,
                -20.652
              ],
              [
                -41.6,
                -20.653
              ],
              [
                -41.6,
                -20.654
              ],
              [
                -41.599,
                -20.654
              ],
              [
                -41.6,
                -20.655
              ],
              [
                -41.6,
                -20.656
              ],
              [
                -41.599,
                -20.656
              ],
              [
                -41.599,
                -20.657
              ],
              [
                -41.599,
                -20.658
              ],
              [
                -41.598,
                -20.659
              ],
              [
                -41.599,
                -20.659
              ],
              [
                -41.599,
                -20.66
              ],
              [
                -41.598,
                -20.66
              ],
              [
                -41.598,
                -20.661
              ],
              [
                -41.598,
                -20.662
              ],
              [
                -41.598,
                -20.663
              ],
              [
                -41.599,
                -20.664
              ],
              [
                -41.6,
                -20.663
              ],
              [
                -41.6,
                -20.662
              ],
              [
                -41.601,
                -20.661
              ],
              [
                -41.602,
                -20.661
              ],
              [
                -41.602,
                -20.66
              ],
              [
                -41.602,
                -20.659
              ],
              [
                -41.602,
                -20.658
              ],
              [
                -41.603,
                -20.658
              ],
              [
                -41.603,
                -20.657
              ],
              [
                -41.603,
                -20.656
              ],
              [
                -41.604,
                -20.656
              ],
              [
                -41.604,
                -20.655
              ],
              [
                -41.605,
                -20.655
              ],
              [
                -41.605,
                -20.654
              ],
              [
                -41.606,
                -20.654
              ],
              [
                -41.606,
                -20.653
              ],
              [
                -41.607,
                -20.653
              ],
              [
                -41.608,
                -20.653
              ],
              [
                -41.609,
                -20.653
              ],
              [
                -41.61,
                -20.653
              ],
              [
                -41.612,
                -20.653
              ],
              [
                -41.613,
                -20.652
              ],
              [
                -41.614,
                -20.652
              ],
              [
                -41.614,
                -20.651
              ],
              [
                -41.614,
                -20.65
              ],
              [
                -41.613,
                -20.65
              ],
              [
                -41.613,
                -20.649
              ],
              [
                -41.614,
                -20.649
              ],
              [
                -41.615,
                -20.649
              ],
              [
                -41.616,
                -20.649
              ],
              [
                -41.618,
                -20.648
              ],
              [
                -41.619,
                -20.649
              ],
              [
                -41.62,
                -20.649
              ],
              [
                -41.621,
                -20.649
              ],
              [
                -41.622,
                -20.649
              ],
              [
                -41.623,
                -20.649
              ],
              [
                -41.624,
                -20.649
              ],
              [
                -41.625,
                -20.649
              ],
              [
                -41.626,
                -20.649
              ],
              [
                -41.627,
                -20.649
              ],
              [
                -41.628,
                -20.649
              ],
              [
                -41.629,
                -20.649
              ],
              [
                -41.63,
                -20.649
              ],
              [
                -41.631,
                -20.649
              ],
              [
                -41.631,
                -20.65
              ],
              [
                -41.632,
                -20.65
              ],
              [
                -41.633,
                -20.65
              ],
              [
                -41.634,
                -20.651
              ],
              [
                -41.635,
                -20.652
              ],
              [
                -41.636,
                -20.652
              ],
              [
                -41.636,
                -20.653
              ],
              [
                -41.637,
                -20.653
              ],
              [
                -41.637,
                -20.654
              ],
              [
                -41.638,
                -20.654
              ],
              [
                -41.639,
                -20.654
              ],
              [
                -41.639,
                -20.655
              ],
              [
                -41.64,
                -20.655
              ],
              [
                -41.64,
                -20.654
              ],
              [
                -41.641,
                -20.654
              ],
              [
                -41.641,
                -20.655
              ],
              [
                -41.642,
                -20.655
              ],
              [
                -41.642,
                -20.654
              ],
              [
                -41.643,
                -20.654
              ],
              [
                -41.643,
                -20.653
              ],
              [
                -41.644,
                -20.653
              ],
              [
                -41.644,
                -20.652
              ],
              [
                -41.644,
                -20.651
              ],
              [
                -41.644,
                -20.65
              ],
              [
                -41.644,
                -20.649
              ],
              [
                -41.643,
                -20.649
              ],
              [
                -41.643,
                -20.648
              ],
              [
                -41.643,
                -20.647
              ],
              [
                -41.642,
                -20.646
              ],
              [
                -41.642,
                -20.645
              ],
              [
                -41.643,
                -20.645
              ],
              [
                -41.643,
                -20.644
              ],
              [
                -41.643,
                -20.643
              ],
              [
                -41.642,
                -20.643
              ],
              [
                -41.642,
                -20.642
              ],
              [
                -41.642,
                -20.641
              ],
              [
                -41.641,
                -20.641
              ],
              [
                -41.641,
                -20.64
              ],
              [
                -41.642,
                -20.64
              ],
              [
                -41.643,
                -20.639
              ],
              [
                -41.644,
                -20.639
              ],
              [
                -41.645,
                -20.639
              ],
              [
                -41.645,
                -20.638
              ],
              [
                -41.646,
                -20.637
              ],
              [
                -41.646,
                -20.636
              ],
              [
                -41.647,
                -20.636
              ],
              [
                -41.647,
                -20.637
              ],
              [
                -41.648,
                -20.637
              ],
              [
                -41.648,
                -20.638
              ],
              [
                -41.649,
                -20.639
              ],
              [
                -41.65,
                -20.639
              ],
              [
                -41.65,
                -20.64
              ],
              [
                -41.651,
                -20.64
              ],
              [
                -41.652,
                -20.641
              ],
              [
                -41.653,
                -20.64
              ],
              [
                -41.654,
                -20.64
              ],
              [
                -41.655,
                -20.64
              ],
              [
                -41.655,
                -20.639
              ],
              [
                -41.655,
                -20.638
              ],
              [
                -41.655,
                -20.637
              ],
              [
                -41.656,
                -20.637
              ],
              [
                -41.656,
                -20.636
              ],
              [
                -41.657,
                -20.636
              ],
              [
                -41.657,
                -20.637
              ],
              [
                -41.658,
                -20.637
              ],
              [
                -41.659,
                -20.637
              ],
              [
                -41.66,
                -20.637
              ],
              [
                -41.66,
                -20.64
              ],
              [
                -41.661,
                -20.64
              ],
              [
                -41.662,
                -20.64
              ],
              [
                -41.662,
                -20.641
              ],
              [
                -41.663,
                -20.641
              ],
              [
                -41.663,
                -20.642
              ],
              [
                -41.664,
                -20.643
              ],
              [
                -41.664,
                -20.644
              ],
              [
                -41.665,
                -20.644
              ],
              [
                -41.665,
                -20.645
              ],
              [
                -41.665,
                -20.646
              ],
              [
                -41.665,
                -20.647
              ],
              [
                -41.666,
                -20.648
              ],
              [
                -41.665,
                -20.649
              ],
              [
                -41.666,
                -20.65
              ],
              [
                -41.665,
                -20.65
              ],
              [
                -41.664,
                -20.651
              ],
              [
                -41.663,
                -20.651
              ],
              [
                -41.662,
                -20.652
              ],
              [
                -41.662,
                -20.653
              ],
              [
                -41.661,
                -20.653
              ],
              [
                -41.661,
                -20.654
              ],
              [
                -41.66,
                -20.654
              ],
              [
                -41.659,
                -20.654
              ],
              [
                -41.658,
                -20.654
              ],
              [
                -41.658,
                -20.653
              ],
              [
                -41.657,
                -20.653
              ],
              [
                -41.657,
                -20.652
              ],
              [
                -41.657,
                -20.651
              ],
              [
                -41.656,
                -20.651
              ],
              [
                -41.656,
                -20.65
              ],
              [
                -41.656,
                -20.649
              ],
              [
                -41.655,
                -20.649
              ],
              [
                -41.654,
                -20.649
              ],
              [
                -41.654,
                -20.65
              ],
              [
                -41.653,
                -20.65
              ],
              [
                -41.653,
                -20.651
              ],
              [
                -41.654,
                -20.651
              ],
              [
                -41.654,
                -20.652
              ],
              [
                -41.654,
                -20.653
              ],
              [
                -41.654,
                -20.654
              ],
              [
                -41.655,
                -20.654
              ],
              [
                -41.655,
                -20.655
              ],
              [
                -41.655,
                -20.656
              ],
              [
                -41.656,
                -20.656
              ],
              [
                -41.656,
                -20.657
              ],
              [
                -41.656,
                -20.658
              ],
              [
                -41.656,
                -20.659
              ],
              [
                -41.657,
                -20.659
              ],
              [
                -41.657,
                -20.66
              ],
              [
                -41.656,
                -20.66
              ],
              [
                -41.656,
                -20.661
              ],
              [
                -41.655,
                -20.661
              ],
              [
                -41.654,
                -20.661
              ],
              [
                -41.654,
                -20.662
              ],
              [
                -41.655,
                -20.662
              ],
              [
                -41.656,
                -20.662
              ],
              [
                -41.657,
                -20.663
              ],
              [
                -41.657,
                -20.664
              ],
              [
                -41.658,
                -20.664
              ],
              [
                -41.659,
                -20.664
              ],
              [
                -41.66,
                -20.664
              ],
              [
                -41.661,
                -20.663
              ],
              [
                -41.662,
                -20.663
              ],
              [
                -41.663,
                -20.663
              ],
              [
                -41.664,
                -20.663
              ],
              [
                -41.665,
                -20.663
              ],
              [
                -41.665,
                -20.664
              ],
              [
                -41.666,
                -20.664
              ],
              [
                -41.668,
                -20.665
              ],
              [
                -41.669,
                -20.666
              ],
              [
                -41.67,
                -20.667
              ],
              [
                -41.671,
                -20.668
              ],
              [
                -41.672,
                -20.667
              ],
              [
                -41.673,
                -20.667
              ],
              [
                -41.674,
                -20.666
              ],
              [
                -41.675,
                -20.666
              ],
              [
                -41.676,
                -20.666
              ],
              [
                -41.677,
                -20.666
              ],
              [
                -41.678,
                -20.666
              ],
              [
                -41.679,
                -20.666
              ],
              [
                -41.68,
                -20.666
              ],
              [
                -41.681,
                -20.665
              ],
              [
                -41.682,
                -20.665
              ],
              [
                -41.683,
                -20.665
              ],
              [
                -41.684,
                -20.665
              ],
              [
                -41.685,
                -20.665
              ],
              [
                -41.686,
                -20.666
              ],
              [
                -41.686,
                -20.667
              ],
              [
                -41.687,
                -20.668
              ],
              [
                -41.689,
                -20.667
              ],
              [
                -41.69,
                -20.667
              ],
              [
                -41.691,
                -20.667
              ],
              [
                -41.692,
                -20.668
              ],
              [
                -41.693,
                -20.669
              ],
              [
                -41.694,
                -20.668
              ],
              [
                -41.695,
                -20.668
              ],
              [
                -41.696,
                -20.668
              ],
              [
                -41.697,
                -20.667
              ],
              [
                -41.697,
                -20.666
              ],
              [
                -41.698,
                -20.665
              ],
              [
                -41.699,
                -20.665
              ],
              [
                -41.7,
                -20.666
              ],
              [
                -41.7,
                -20.667
              ],
              [
                -41.7,
                -20.668
              ],
              [
                -41.701,
                -20.668
              ],
              [
                -41.703,
                -20.669
              ],
              [
                -41.704,
                -20.671
              ],
              [
                -41.706,
                -20.671
              ],
              [
                -41.707,
                -20.671
              ],
              [
                -41.707,
                -20.67
              ],
              [
                -41.708,
                -20.67
              ],
              [
                -41.708,
                -20.669
              ],
              [
                -41.707,
                -20.669
              ],
              [
                -41.708,
                -20.668
              ],
              [
                -41.709,
                -20.667
              ],
              [
                -41.709,
                -20.666
              ],
              [
                -41.71,
                -20.665
              ],
              [
                -41.711,
                -20.665
              ],
              [
                -41.711,
                -20.664
              ],
              [
                -41.71,
                -20.663
              ],
              [
                -41.709,
                -20.662
              ],
              [
                -41.71,
                -20.662
              ],
              [
                -41.711,
                -20.662
              ],
              [
                -41.711,
                -20.661
              ],
              [
                -41.711,
                -20.66
              ],
              [
                -41.712,
                -20.66
              ],
              [
                -41.713,
                -20.659
              ],
              [
                -41.714,
                -20.659
              ],
              [
                -41.714,
                -20.658
              ],
              [
                -41.715,
                -20.658
              ],
              [
                -41.716,
                -20.658
              ],
              [
                -41.717,
                -20.659
              ],
              [
                -41.718,
                -20.659
              ],
              [
                -41.719,
                -20.658
              ],
              [
                -41.719,
                -20.657
              ],
              [
                -41.719,
                -20.656
              ],
              [
                -41.72,
                -20.655
              ],
              [
                -41.72,
                -20.654
              ],
              [
                -41.721,
                -20.654
              ],
              [
                -41.721,
                -20.653
              ],
              [
                -41.722,
                -20.654
              ],
              [
                -41.722,
                -20.653
              ],
              [
                -41.723,
                -20.653
              ],
              [
                -41.724,
                -20.653
              ],
              [
                -41.724,
                -20.652
              ],
              [
                -41.724,
                -20.651
              ],
              [
                -41.723,
                -20.65
              ],
              [
                -41.723,
                -20.649
              ],
              [
                -41.724,
                -20.649
              ],
              [
                -41.724,
                -20.648
              ],
              [
                -41.725,
                -20.647
              ],
              [
                -41.726,
                -20.647
              ],
              [
                -41.727,
                -20.647
              ],
              [
                -41.728,
                -20.647
              ],
              [
                -41.729,
                -20.648
              ],
              [
                -41.729,
                -20.647
              ],
              [
                -41.73,
                -20.647
              ],
              [
                -41.731,
                -20.647
              ],
              [
                -41.731,
                -20.646
              ],
              [
                -41.732,
                -20.646
              ],
              [
                -41.733,
                -20.646
              ],
              [
                -41.733,
                -20.645
              ],
              [
                -41.733,
                -20.644
              ],
              [
                -41.734,
                -20.643
              ],
              [
                -41.734,
                -20.642
              ],
              [
                -41.735,
                -20.641
              ],
              [
                -41.735,
                -20.642
              ],
              [
                -41.736,
                -20.642
              ],
              [
                -41.737,
                -20.641
              ],
              [
                -41.737,
                -20.64
              ],
              [
                -41.738,
                -20.64
              ],
              [
                -41.738,
                -20.639
              ],
              [
                -41.738,
                -20.638
              ],
              [
                -41.739,
                -20.638
              ],
              [
                -41.74,
                -20.638
              ],
              [
                -41.741,
                -20.638
              ],
              [
                -41.742,
                -20.638
              ],
              [
                -41.742,
                -20.639
              ],
              [
                -41.743,
                -20.639
              ],
              [
                -41.744,
                -20.64
              ],
              [
                -41.745,
                -20.64
              ],
              [
                -41.746,
                -20.639
              ],
              [
                -41.747,
                -20.639
              ],
              [
                -41.747,
                -20.638
              ],
              [
                -41.748,
                -20.638
              ],
              [
                -41.749,
                -20.639
              ],
              [
                -41.75,
                -20.639
              ],
              [
                -41.75,
                -20.638
              ],
              [
                -41.751,
                -20.638
              ],
              [
                -41.752,
                -20.638
              ],
              [
                -41.753,
                -20.638
              ],
              [
                -41.753,
                -20.639
              ],
              [
                -41.754,
                -20.639
              ],
              [
                -41.755,
                -20.639
              ],
              [
                -41.756,
                -20.639
              ],
              [
                -41.756,
                -20.64
              ],
              [
                -41.756,
                -20.641
              ],
              [
                -41.757,
                -20.641
              ],
              [
                -41.758,
                -20.641
              ],
              [
                -41.759,
                -20.641
              ],
              [
                -41.76,
                -20.641
              ],
              [
                -41.761,
                -20.642
              ],
              [
                -41.762,
                -20.642
              ],
              [
                -41.762,
                -20.643
              ],
              [
                -41.763,
                -20.642
              ],
              [
                -41.763,
                -20.643
              ],
              [
                -41.763,
                -20.644
              ],
              [
                -41.764,
                -20.644
              ],
              [
                -41.764,
                -20.645
              ],
              [
                -41.765,
                -20.646
              ],
              [
                -41.765,
                -20.647
              ],
              [
                -41.765,
                -20.648
              ],
              [
                -41.766,
                -20.648
              ],
              [
                -41.767,
                -20.648
              ],
              [
                -41.768,
                -20.648
              ],
              [
                -41.768,
                -20.647
              ],
              [
                -41.769,
                -20.648
              ],
              [
                -41.77,
                -20.648
              ],
              [
                -41.77,
                -20.647
              ],
              [
                -41.77,
                -20.646
              ],
              [
                -41.771,
                -20.646
              ],
              [
                -41.771,
                -20.645
              ],
              [
                -41.772,
                -20.645
              ],
              [
                -41.772,
                -20.646
              ],
              [
                -41.773,
                -20.646
              ],
              [
                -41.773,
                -20.647
              ],
              [
                -41.774,
                -20.647
              ],
              [
                -41.775,
                -20.647
              ],
              [
                -41.776,
                -20.647
              ],
              [
                -41.777,
                -20.647
              ],
              [
                -41.777,
                -20.648
              ],
              [
                -41.777,
                -20.649
              ],
              [
                -41.778,
                -20.649
              ],
              [
                -41.778,
                -20.65
              ],
              [
                -41.778,
                -20.651
              ],
              [
                -41.779,
                -20.652
              ],
              [
                -41.779,
                -20.653
              ],
              [
                -41.778,
                -20.653
              ],
              [
                -41.778,
                -20.654
              ],
              [
                -41.777,
                -20.654
              ],
              [
                -41.776,
                -20.653
              ],
              [
                -41.776,
                -20.654
              ],
              [
                -41.775,
                -20.654
              ],
              [
                -41.774,
                -20.654
              ],
              [
                -41.774,
                -20.655
              ],
              [
                -41.773,
                -20.655
              ],
              [
                -41.772,
                -20.656
              ],
              [
                -41.772,
                -20.657
              ],
              [
                -41.771,
                -20.657
              ],
              [
                -41.771,
                -20.658
              ],
              [
                -41.771,
                -20.659
              ],
              [
                -41.772,
                -20.659
              ],
              [
                -41.772,
                -20.66
              ],
              [
                -41.773,
                -20.661
              ],
              [
                -41.774,
                -20.661
              ],
              [
                -41.775,
                -20.661
              ],
              [
                -41.776,
                -20.661
              ],
              [
                -41.776,
                -20.662
              ],
              [
                -41.777,
                -20.662
              ],
              [
                -41.777,
                -20.663
              ],
              [
                -41.777,
                -20.664
              ],
              [
                -41.778,
                -20.664
              ],
              [
                -41.779,
                -20.665
              ],
              [
                -41.78,
                -20.666
              ],
              [
                -41.781,
                -20.667
              ],
              [
                -41.782,
                -20.668
              ],
              [
                -41.783,
                -20.669
              ],
              [
                -41.783,
                -20.67
              ],
              [
                -41.784,
                -20.67
              ],
              [
                -41.784,
                -20.671
              ],
              [
                -41.785,
                -20.671
              ],
              [
                -41.786,
                -20.671
              ],
              [
                -41.786,
                -20.672
              ],
              [
                -41.785,
                -20.673
              ],
              [
                -41.785,
                -20.674
              ],
              [
                -41.786,
                -20.675
              ],
              [
                -41.787,
                -20.675
              ],
              [
                -41.788,
                -20.675
              ],
              [
                -41.788,
                -20.676
              ],
              [
                -41.789,
                -20.676
              ],
              [
                -41.789,
                -20.677
              ],
              [
                -41.79,
                -20.677
              ],
              [
                -41.79,
                -20.678
              ],
              [
                -41.791,
                -20.678
              ],
              [
                -41.792,
                -20.678
              ],
              [
                -41.792,
                -20.679
              ],
              [
                -41.793,
                -20.679
              ],
              [
                -41.793,
                -20.68
              ],
              [
                -41.792,
                -20.68
              ],
              [
                -41.792,
                -20.681
              ],
              [
                -41.791,
                -20.681
              ],
              [
                -41.791,
                -20.682
              ],
              [
                -41.791,
                -20.683
              ],
              [
                -41.791,
                -20.684
              ],
              [
                -41.791,
                -20.685
              ],
              [
                -41.791,
                -20.686
              ],
              [
                -41.791,
                -20.687
              ],
              [
                -41.79,
                -20.687
              ],
              [
                -41.79,
                -20.688
              ],
              [
                -41.789,
                -20.688
              ],
              [
                -41.788,
                -20.688
              ],
              [
                -41.787,
                -20.689
              ],
              [
                -41.786,
                -20.689
              ],
              [
                -41.786,
                -20.69
              ],
              [
                -41.786,
                -20.691
              ],
              [
                -41.785,
                -20.692
              ],
              [
                -41.785,
                -20.693
              ],
              [
                -41.785,
                -20.694
              ],
              [
                -41.785,
                -20.695
              ],
              [
                -41.784,
                -20.696
              ],
              [
                -41.784,
                -20.697
              ],
              [
                -41.785,
                -20.698
              ],
              [
                -41.785,
                -20.699
              ],
              [
                -41.786,
                -20.7
              ],
              [
                -41.786,
                -20.701
              ],
              [
                -41.786,
                -20.702
              ],
              [
                -41.786,
                -20.703
              ],
              [
                -41.785,
                -20.704
              ],
              [
                -41.784,
                -20.704
              ],
              [
                -41.783,
                -20.704
              ],
              [
                -41.782,
                -20.704
              ],
              [
                -41.781,
                -20.704
              ],
              [
                -41.78,
                -20.705
              ],
              [
                -41.779,
                -20.705
              ],
              [
                -41.779,
                -20.706
              ],
              [
                -41.779,
                -20.707
              ],
              [
                -41.779,
                -20.708
              ],
              [
                -41.779,
                -20.709
              ],
              [
                -41.78,
                -20.71
              ],
              [
                -41.78,
                -20.711
              ],
              [
                -41.78,
                -20.712
              ],
              [
                -41.779,
                -20.712
              ],
              [
                -41.779,
                -20.713
              ],
              [
                -41.779,
                -20.714
              ],
              [
                -41.779,
                -20.715
              ],
              [
                -41.779,
                -20.716
              ],
              [
                -41.78,
                -20.717
              ],
              [
                -41.781,
                -20.717
              ],
              [
                -41.782,
                -20.717
              ],
              [
                -41.783,
                -20.717
              ],
              [
                -41.783,
                -20.718
              ],
              [
                -41.784,
                -20.718
              ],
              [
                -41.784,
                -20.719
              ],
              [
                -41.785,
                -20.719
              ],
              [
                -41.785,
                -20.72
              ],
              [
                -41.786,
                -20.72
              ],
              [
                -41.786,
                -20.721
              ],
              [
                -41.787,
                -20.721
              ],
              [
                -41.788,
                -20.722
              ],
              [
                -41.789,
                -20.722
              ],
              [
                -41.79,
                -20.722
              ],
              [
                -41.791,
                -20.722
              ],
              [
                -41.792,
                -20.722
              ],
              [
                -41.793,
                -20.722
              ],
              [
                -41.794,
                -20.722
              ],
              [
                -41.795,
                -20.723
              ],
              [
                -41.795,
                -20.724
              ],
              [
                -41.795,
                -20.725
              ],
              [
                -41.795,
                -20.727
              ],
              [
                -41.796,
                -20.728
              ],
              [
                -41.796,
                -20.729
              ],
              [
                -41.795,
                -20.73
              ],
              [
                -41.795,
                -20.731
              ],
              [
                -41.796,
                -20.732
              ],
              [
                -41.797,
                -20.733
              ],
              [
                -41.797,
                -20.734
              ],
              [
                -41.798,
                -20.734
              ],
              [
                -41.798,
                -20.735
              ],
              [
                -41.798,
                -20.736
              ],
              [
                -41.799,
                -20.736
              ],
              [
                -41.799,
                -20.737
              ],
              [
                -41.8,
                -20.737
              ],
              [
                -41.8,
                -20.738
              ],
              [
                -41.801,
                -20.738
              ],
              [
                -41.801,
                -20.739
              ],
              [
                -41.801,
                -20.74
              ],
              [
                -41.801,
                -20.741
              ],
              [
                -41.802,
                -20.741
              ],
              [
                -41.803,
                -20.742
              ],
              [
                -41.804,
                -20.742
              ],
              [
                -41.804,
                -20.741
              ],
              [
                -41.805,
                -20.741
              ],
              [
                -41.806,
                -20.74
              ],
              [
                -41.808,
                -20.74
              ],
              [
                -41.809,
                -20.74
              ],
              [
                -41.81,
                -20.74
              ],
              [
                -41.811,
                -20.74
              ],
              [
                -41.811,
                -20.739
              ],
              [
                -41.811,
                -20.738
              ],
              [
                -41.812,
                -20.738
              ],
              [
                -41.812,
                -20.737
              ],
              [
                -41.812,
                -20.736
              ],
              [
                -41.813,
                -20.735
              ],
              [
                -41.813,
                -20.734
              ],
              [
                -41.814,
                -20.733
              ],
              [
                -41.815,
                -20.733
              ],
              [
                -41.816,
                -20.733
              ],
              [
                -41.816,
                -20.734
              ],
              [
                -41.817,
                -20.734
              ],
              [
                -41.818,
                -20.735
              ],
              [
                -41.819,
                -20.735
              ],
              [
                -41.82,
                -20.736
              ],
              [
                -41.82,
                -20.737
              ],
              [
                -41.821,
                -20.737
              ],
              [
                -41.822,
                -20.737
              ],
              [
                -41.823,
                -20.738
              ],
              [
                -41.824,
                -20.738
              ],
              [
                -41.824,
                -20.739
              ],
              [
                -41.824,
                -20.74
              ],
              [
                -41.825,
                -20.741
              ],
              [
                -41.825,
                -20.742
              ],
              [
                -41.826,
                -20.742
              ],
              [
                -41.826,
                -20.743
              ],
              [
                -41.827,
                -20.743
              ],
              [
                -41.828,
                -20.743
              ],
              [
                -41.829,
                -20.743
              ],
              [
                -41.829,
                -20.744
              ],
              [
                -41.83,
                -20.744
              ],
              [
                -41.831,
                -20.745
              ],
              [
                -41.832,
                -20.745
              ],
              [
                -41.832,
                -20.746
              ],
              [
                -41.833,
                -20.746
              ],
              [
                -41.834,
                -20.745
              ],
              [
                -41.835,
                -20.745
              ],
              [
                -41.836,
                -20.745
              ],
              [
                -41.836,
                -20.744
              ],
              [
                -41.836,
                -20.743
              ],
              [
                -41.836,
                -20.742
              ],
              [
                -41.836,
                -20.741
              ],
              [
                -41.837,
                -20.741
              ],
              [
                -41.837,
                -20.74
              ],
              [
                -41.839,
                -20.739
              ],
              [
                -41.84,
                -20.739
              ],
              [
                -41.841,
                -20.739
              ],
              [
                -41.841,
                -20.738
              ],
              [
                -41.842,
                -20.738
              ],
              [
                -41.842,
                -20.737
              ],
              [
                -41.843,
                -20.736
              ],
              [
                -41.844,
                -20.736
              ],
              [
                -41.844,
                -20.735
              ],
              [
                -41.845,
                -20.735
              ],
              [
                -41.846,
                -20.735
              ],
              [
                -41.847,
                -20.735
              ],
              [
                -41.847,
                -20.736
              ],
              [
                -41.848,
                -20.736
              ],
              [
                -41.848,
                -20.737
              ],
              [
                -41.849,
                -20.737
              ],
              [
                -41.849,
                -20.738
              ],
              [
                -41.849,
                -20.739
              ],
              [
                -41.848,
                -20.74
              ],
              [
                -41.848,
                -20.741
              ],
              [
                -41.848,
                -20.742
              ],
              [
                -41.848,
                -20.743
              ],
              [
                -41.848,
                -20.744
              ],
              [
                -41.848,
                -20.745
              ],
              [
                -41.849,
                -20.745
              ],
              [
                -41.849,
                -20.746
              ],
              [
                -41.849,
                -20.747
              ],
              [
                -41.849,
                -20.748
              ],
              [
                -41.849,
                -20.749
              ],
              [
                -41.849,
                -20.75
              ],
              [
                -41.849,
                -20.751
              ],
              [
                -41.848,
                -20.752
              ],
              [
                -41.848,
                -20.753
              ],
              [
                -41.847,
                -20.753
              ],
              [
                -41.847,
                -20.754
              ],
              [
                -41.848,
                -20.754
              ],
              [
                -41.848,
                -20.755
              ],
              [
                -41.848,
                -20.756
              ],
              [
                -41.848,
                -20.757
              ],
              [
                -41.848,
                -20.758
              ],
              [
                -41.847,
                -20.758
              ],
              [
                -41.847,
                -20.759
              ],
              [
                -41.847,
                -20.76
              ],
              [
                -41.846,
                -20.761
              ],
              [
                -41.846,
                -20.762
              ],
              [
                -41.845,
                -20.763
              ],
              [
                -41.845,
                -20.764
              ],
              [
                -41.845,
                -20.765
              ],
              [
                -41.844,
                -20.766
              ],
              [
                -41.844,
                -20.767
              ],
              [
                -41.844,
                -20.768
              ],
              [
                -41.843,
                -20.769
              ],
              [
                -41.843,
                -20.77
              ],
              [
                -41.843,
                -20.771
              ],
              [
                -41.842,
                -20.772
              ],
              [
                -41.842,
                -20.773
              ],
              [
                -41.842,
                -20.774
              ],
              [
                -41.842,
                -20.775
              ],
              [
                -41.843,
                -20.775
              ],
              [
                -41.843,
                -20.776
              ],
              [
                -41.844,
                -20.776
              ],
              [
                -41.845,
                -20.776
              ],
              [
                -41.845,
                -20.775
              ],
              [
                -41.845,
                -20.774
              ],
              [
                -41.846,
                -20.775
              ],
              [
                -41.846,
                -20.774
              ],
              [
                -41.847,
                -20.774
              ],
              [
                -41.848,
                -20.774
              ],
              [
                -41.848,
                -20.773
              ],
              [
                -41.847,
                -20.773
              ],
              [
                -41.848,
                -20.772
              ],
              [
                -41.849,
                -20.772
              ],
              [
                -41.849,
                -20.771
              ],
              [
                -41.85,
                -20.77
              ],
              [
                -41.85,
                -20.769
              ],
              [
                -41.85,
                -20.768
              ],
              [
                -41.85,
                -20.767
              ],
              [
                -41.851,
                -20.766
              ],
              [
                -41.851,
                -20.765
              ],
              [
                -41.851,
                -20.764
              ],
              [
                -41.851,
                -20.763
              ],
              [
                -41.852,
                -20.763
              ],
              [
                -41.854,
                -20.763
              ],
              [
                -41.855,
                -20.763
              ],
              [
                -41.856,
                -20.763
              ],
              [
                -41.857,
                -20.763
              ],
              [
                -41.857,
                -20.764
              ],
              [
                -41.857,
                -20.765
              ],
              [
                -41.857,
                -20.766
              ],
              [
                -41.858,
                -20.766
              ],
              [
                -41.859,
                -20.765
              ],
              [
                -41.859,
                -20.764
              ],
              [
                -41.86,
                -20.764
              ],
              [
                -41.86,
                -20.763
              ],
              [
                -41.861,
                -20.763
              ],
              [
                -41.861,
                -20.764
              ],
              [
                -41.862,
                -20.764
              ],
              [
                -41.863,
                -20.764
              ],
              [
                -41.863,
                -20.765
              ],
              [
                -41.864,
                -20.765
              ],
              [
                -41.865,
                -20.765
              ],
              [
                -41.865,
                -20.764
              ],
              [
                -41.866,
                -20.764
              ],
              [
                -41.867,
                -20.764
              ],
              [
                -41.867,
                -20.763
              ],
              [
                -41.868,
                -20.763
              ],
              [
                -41.868,
                -20.764
              ],
              [
                -41.869,
                -20.764
              ],
              [
                -41.869,
                -20.765
              ],
              [
                -41.87,
                -20.765
              ],
              [
                -41.87,
                -20.766
              ],
              [
                -41.871,
                -20.766
              ],
              [
                -41.872,
                -20.766
              ],
              [
                -41.873,
                -20.766
              ],
              [
                -41.874,
                -20.765
              ],
              [
                -41.875,
                -20.764
              ],
              [
                -41.876,
                -20.764
              ],
              [
                -41.877,
                -20.764
              ],
              [
                -41.879,
                -20.762
              ],
              [
                -41.879,
                -20.759
              ],
              [
                -41.879,
                -20.758
              ],
              [
                -41.879,
                -20.756
              ],
              [
                -41.877,
                -20.754
              ],
              [
                -41.878,
                -20.753
              ],
              [
                -41.877,
                -20.751
              ],
              [
                -41.877,
                -20.75
              ],
              [
                -41.876,
                -20.747
              ],
              [
                -41.875,
                -20.746
              ],
              [
                -41.873,
                -20.746
              ],
              [
                -41.873,
                -20.745
              ],
              [
                -41.873,
                -20.744
              ],
              [
                -41.874,
                -20.744
              ],
              [
                -41.872,
                -20.742
              ],
              [
                -41.871,
                -20.742
              ],
              [
                -41.87,
                -20.742
              ],
              [
                -41.87,
                -20.743
              ],
              [
                -41.867,
                -20.743
              ],
              [
                -41.866,
                -20.743
              ],
              [
                -41.863,
                -20.741
              ],
              [
                -41.862,
                -20.742
              ],
              [
                -41.862,
                -20.743
              ],
              [
                -41.861,
                -20.744
              ],
              [
                -41.861,
                -20.743
              ],
              [
                -41.86,
                -20.744
              ],
              [
                -41.859,
                -20.746
              ],
              [
                -41.859,
                -20.747
              ],
              [
                -41.859,
                -20.748
              ],
              [
                -41.858,
                -20.748
              ],
              [
                -41.856,
                -20.747
              ],
              [
                -41.857,
                -20.746
              ],
              [
                -41.856,
                -20.745
              ],
              [
                -41.856,
                -20.744
              ],
              [
                -41.857,
                -20.743
              ],
              [
                -41.858,
                -20.743
              ],
              [
                -41.859,
                -20.742
              ],
              [
                -41.858,
                -20.742
              ],
              [
                -41.858,
                -20.74
              ],
              [
                -41.857,
                -20.74
              ],
              [
                -41.857,
                -20.739
              ],
              [
                -41.859,
                -20.739
              ],
              [
                -41.86,
                -20.739
              ],
              [
                -41.859,
                -20.738
              ],
              [
                -41.86,
                -20.737
              ],
              [
                -41.86,
                -20.736
              ],
              [
                -41.86,
                -20.735
              ],
              [
                -41.86,
                -20.734
              ],
              [
                -41.861,
                -20.733
              ],
              [
                -41.861,
                -20.732
              ],
              [
                -41.86,
                -20.732
              ],
              [
                -41.86,
                -20.731
              ],
              [
                -41.861,
                -20.73
              ]
            ]
          ]
        ]
      }
    }
  ]
}